[{"model": "admin.logentry", "pk": 1, "fields": {"action_time": "2021-05-01T21:01:55.722Z", "user": 1, "content_type": 12, "object_id": "65", "object_repr": "International", "action_flag": 1, "change_message": "[{\"added\": {}}]"}}, {"model": "admin.logentry", "pk": 2, "fields": {"action_time": "2021-05-01T22:10:07.224Z", "user": 1, "content_type": 18, "object_id": "1", "object_repr": "Setting object (1)", "action_flag": 1, "change_message": "[{\"added\": {}}]"}}, {"model": "admin.logentry", "pk": 3, "fields": {"action_time": "2021-05-01T22:18:17.053Z", "user": 1, "content_type": 18, "object_id": "1", "object_repr": "Taxes", "action_flag": 2, "change_message": "[{\"changed\": {\"fields\": [\"Enabled\"]}}]"}}, {"model": "admin.logentry", "pk": 4, "fields": {"action_time": "2021-05-01T22:20:56.455Z", "user": 1, "content_type": 18, "object_id": "1", "object_repr": "Taxes", "action_flag": 2, "change_message": "[{\"changed\": {\"fields\": [\"Enabled\"]}}]"}}, {"model": "admin.logentry", "pk": 5, "fields": {"action_time": "2021-05-01T22:22:54.985Z", "user": 1, "content_type": 18, "object_id": "1", "object_repr": "Taxes", "action_flag": 2, "change_message": "[{\"changed\": {\"fields\": [\"Enabled\"]}}]"}}, {"model": "admin.logentry", "pk": 6, "fields": {"action_time": "2021-05-01T22:23:49.623Z", "user": 1, "content_type": 18, "object_id": "1", "object_repr": "Taxes", "action_flag": 2, "change_message": "[{\"changed\": {\"fields\": [\"Enabled\"]}}]"}}, {"model": "admin.logentry", "pk": 7, "fields": {"action_time": "2021-05-01T22:26:36.120Z", "user": 1, "content_type": 18, "object_id": "1", "object_repr": "Taxes", "action_flag": 2, "change_message": "[]"}}, {"model": "admin.logentry", "pk": 8, "fields": {"action_time": "2021-05-01T22:32:06.620Z", "user": 1, "content_type": 18, "object_id": "1", "object_repr": "Taxes", "action_flag": 2, "change_message": "[{\"changed\": {\"fields\": [\"Enabled\"]}}]"}}, {"model": "admin.logentry", "pk": 9, "fields": {"action_time": "2021-05-01T22:53:24.716Z", "user": 1, "content_type": 18, "object_id": "1", "object_repr": "Taxes", "action_flag": 2, "change_message": "[{\"changed\": {\"fields\": [\"Enabled\"]}}]"}}, {"model": "admin.logentry", "pk": 10, "fields": {"action_time": "2021-05-02T19:36:00.900Z", "user": 1, "content_type": 18, "object_id": "1", "object_repr": "Taxes", "action_flag": 2, "change_message": "[{\"changed\": {\"fields\": [\"Enabled\"]}}]"}}, {"model": "admin.logentry", "pk": 11, "fields": {"action_time": "2021-05-02T21:17:30.059Z", "user": 1, "content_type": 18, "object_id": "1", "object_repr": "Taxes", "action_flag": 2, "change_message": "[{\"changed\": {\"fields\": [\"Enabled\"]}}]"}}, {"model": "auth.permission", "pk": 1, "fields": {"name": "Can add log entry", "content_type": 1, "codename": "add_logentry"}}, {"model": "auth.permission", "pk": 2, "fields": {"name": "Can change log entry", "content_type": 1, "codename": "change_logentry"}}, {"model": "auth.permission", "pk": 3, "fields": {"name": "Can delete log entry", "content_type": 1, "codename": "delete_logentry"}}, {"model": "auth.permission", "pk": 4, "fields": {"name": "Can view log entry", "content_type": 1, "codename": "view_logentry"}}, {"model": "auth.permission", "pk": 5, "fields": {"name": "Can add permission", "content_type": 2, "codename": "add_permission"}}, {"model": "auth.permission", "pk": 6, "fields": {"name": "Can change permission", "content_type": 2, "codename": "change_permission"}}, {"model": "auth.permission", "pk": 7, "fields": {"name": "Can delete permission", "content_type": 2, "codename": "delete_permission"}}, {"model": "auth.permission", "pk": 8, "fields": {"name": "Can view permission", "content_type": 2, "codename": "view_permission"}}, {"model": "auth.permission", "pk": 9, "fields": {"name": "Can add group", "content_type": 3, "codename": "add_group"}}, {"model": "auth.permission", "pk": 10, "fields": {"name": "Can change group", "content_type": 3, "codename": "change_group"}}, {"model": "auth.permission", "pk": 11, "fields": {"name": "Can delete group", "content_type": 3, "codename": "delete_group"}}, {"model": "auth.permission", "pk": 12, "fields": {"name": "Can view group", "content_type": 3, "codename": "view_group"}}, {"model": "auth.permission", "pk": 13, "fields": {"name": "Can add user", "content_type": 4, "codename": "add_user"}}, {"model": "auth.permission", "pk": 14, "fields": {"name": "Can change user", "content_type": 4, "codename": "change_user"}}, {"model": "auth.permission", "pk": 15, "fields": {"name": "Can delete user", "content_type": 4, "codename": "delete_user"}}, {"model": "auth.permission", "pk": 16, "fields": {"name": "Can view user", "content_type": 4, "codename": "view_user"}}, {"model": "auth.permission", "pk": 17, "fields": {"name": "Can add content type", "content_type": 5, "codename": "add_contenttype"}}, {"model": "auth.permission", "pk": 18, "fields": {"name": "Can change content type", "content_type": 5, "codename": "change_contenttype"}}, {"model": "auth.permission", "pk": 19, "fields": {"name": "Can delete content type", "content_type": 5, "codename": "delete_contenttype"}}, {"model": "auth.permission", "pk": 20, "fields": {"name": "Can view content type", "content_type": 5, "codename": "view_contenttype"}}, {"model": "auth.permission", "pk": 21, "fields": {"name": "Can add session", "content_type": 6, "codename": "add_session"}}, {"model": "auth.permission", "pk": 22, "fields": {"name": "Can change session", "content_type": 6, "codename": "change_session"}}, {"model": "auth.permission", "pk": 23, "fields": {"name": "Can delete session", "content_type": 6, "codename": "delete_session"}}, {"model": "auth.permission", "pk": 24, "fields": {"name": "Can view session", "content_type": 6, "codename": "view_session"}}, {"model": "auth.permission", "pk": 25, "fields": {"name": "Can add category", "content_type": 7, "codename": "add_category"}}, {"model": "auth.permission", "pk": 26, "fields": {"name": "Can change category", "content_type": 7, "codename": "change_category"}}, {"model": "auth.permission", "pk": 27, "fields": {"name": "Can delete category", "content_type": 7, "codename": "delete_category"}}, {"model": "auth.permission", "pk": 28, "fields": {"name": "Can view category", "content_type": 7, "codename": "view_category"}}, {"model": "auth.permission", "pk": 29, "fields": {"name": "Can add checkout address", "content_type": 8, "codename": "add_checkoutaddress"}}, {"model": "auth.permission", "pk": 30, "fields": {"name": "Can change checkout address", "content_type": 8, "codename": "change_checkoutaddress"}}, {"model": "auth.permission", "pk": 31, "fields": {"name": "Can delete checkout address", "content_type": 8, "codename": "delete_checkoutaddress"}}, {"model": "auth.permission", "pk": 32, "fields": {"name": "Can view checkout address", "content_type": 8, "codename": "view_checkoutaddress"}}, {"model": "auth.permission", "pk": 33, "fields": {"name": "Can add gallery", "content_type": 9, "codename": "add_gallery"}}, {"model": "auth.permission", "pk": 34, "fields": {"name": "Can change gallery", "content_type": 9, "codename": "change_gallery"}}, {"model": "auth.permission", "pk": 35, "fields": {"name": "Can delete gallery", "content_type": 9, "codename": "delete_gallery"}}, {"model": "auth.permission", "pk": 36, "fields": {"name": "Can view gallery", "content_type": 9, "codename": "view_gallery"}}, {"model": "auth.permission", "pk": 37, "fields": {"name": "Can add image", "content_type": 10, "codename": "add_image"}}, {"model": "auth.permission", "pk": 38, "fields": {"name": "Can change image", "content_type": 10, "codename": "change_image"}}, {"model": "auth.permission", "pk": 39, "fields": {"name": "Can delete image", "content_type": 10, "codename": "delete_image"}}, {"model": "auth.permission", "pk": 40, "fields": {"name": "Can view image", "content_type": 10, "codename": "view_image"}}, {"model": "auth.permission", "pk": 41, "fields": {"name": "Can add item", "content_type": 11, "codename": "add_item"}}, {"model": "auth.permission", "pk": 42, "fields": {"name": "Can change item", "content_type": 11, "codename": "change_item"}}, {"model": "auth.permission", "pk": 43, "fields": {"name": "Can delete item", "content_type": 11, "codename": "delete_item"}}, {"model": "auth.permission", "pk": 44, "fields": {"name": "Can view item", "content_type": 11, "codename": "view_item"}}, {"model": "auth.permission", "pk": 45, "fields": {"name": "Can add province or state", "content_type": 12, "codename": "add_provinceorstate"}}, {"model": "auth.permission", "pk": 46, "fields": {"name": "Can change province or state", "content_type": 12, "codename": "change_provinceorstate"}}, {"model": "auth.permission", "pk": 47, "fields": {"name": "Can delete province or state", "content_type": 12, "codename": "delete_provinceorstate"}}, {"model": "auth.permission", "pk": 48, "fields": {"name": "Can view province or state", "content_type": 12, "codename": "view_provinceorstate"}}, {"model": "auth.permission", "pk": 49, "fields": {"name": "Can add profile", "content_type": 13, "codename": "add_profile"}}, {"model": "auth.permission", "pk": 50, "fields": {"name": "Can change profile", "content_type": 13, "codename": "change_profile"}}, {"model": "auth.permission", "pk": 51, "fields": {"name": "Can delete profile", "content_type": 13, "codename": "delete_profile"}}, {"model": "auth.permission", "pk": 52, "fields": {"name": "Can view profile", "content_type": 13, "codename": "view_profile"}}, {"model": "auth.permission", "pk": 53, "fields": {"name": "Can add payment", "content_type": 14, "codename": "add_payment"}}, {"model": "auth.permission", "pk": 54, "fields": {"name": "Can change payment", "content_type": 14, "codename": "change_payment"}}, {"model": "auth.permission", "pk": 55, "fields": {"name": "Can delete payment", "content_type": 14, "codename": "delete_payment"}}, {"model": "auth.permission", "pk": 56, "fields": {"name": "Can view payment", "content_type": 14, "codename": "view_payment"}}, {"model": "auth.permission", "pk": 57, "fields": {"name": "Can add order item", "content_type": 15, "codename": "add_orderitem"}}, {"model": "auth.permission", "pk": 58, "fields": {"name": "Can change order item", "content_type": 15, "codename": "change_orderitem"}}, {"model": "auth.permission", "pk": 59, "fields": {"name": "Can delete order item", "content_type": 15, "codename": "delete_orderitem"}}, {"model": "auth.permission", "pk": 60, "fields": {"name": "Can view order item", "content_type": 15, "codename": "view_orderitem"}}, {"model": "auth.permission", "pk": 61, "fields": {"name": "Can add order", "content_type": 16, "codename": "add_order"}}, {"model": "auth.permission", "pk": 62, "fields": {"name": "Can change order", "content_type": 16, "codename": "change_order"}}, {"model": "auth.permission", "pk": 63, "fields": {"name": "Can delete order", "content_type": 16, "codename": "delete_order"}}, {"model": "auth.permission", "pk": 64, "fields": {"name": "Can view order", "content_type": 16, "codename": "view_order"}}, {"model": "auth.permission", "pk": 65, "fields": {"name": "Can add PayPal IPN", "content_type": 17, "codename": "add_paypalipn"}}, {"model": "auth.permission", "pk": 66, "fields": {"name": "Can change PayPal IPN", "content_type": 17, "codename": "change_paypalipn"}}, {"model": "auth.permission", "pk": 67, "fields": {"name": "Can delete PayPal IPN", "content_type": 17, "codename": "delete_paypalipn"}}, {"model": "auth.permission", "pk": 68, "fields": {"name": "Can view PayPal IPN", "content_type": 17, "codename": "view_paypalipn"}}, {"model": "auth.permission", "pk": 69, "fields": {"name": "Can add setting", "content_type": 18, "codename": "add_setting"}}, {"model": "auth.permission", "pk": 70, "fields": {"name": "Can change setting", "content_type": 18, "codename": "change_setting"}}, {"model": "auth.permission", "pk": 71, "fields": {"name": "Can delete setting", "content_type": 18, "codename": "delete_setting"}}, {"model": "auth.permission", "pk": 72, "fields": {"name": "Can view setting", "content_type": 18, "codename": "view_setting"}}, {"model": "auth.user", "pk": 1, "fields": {"password": "pbkdf2_sha256$216000$0pQ5MGn3LRDv$ce5yJcOyvgX5oSmfphqPYzyb2HMlzzgs9vK8+MHX16U=", "last_login": "2021-05-04T16:24:06.340Z", "is_superuser": true, "username": "digilouvre", "first_name": "", "last_name": "", "email": "brynecarruthers@gmail.com", "is_staff": true, "is_active": true, "date_joined": "2021-04-29T18:17:17.538Z", "groups": [], "user_permissions": []}}, {"model": "auth.user", "pk": 2, "fields": {"password": "pbkdf2_sha256$216000$1lZjaKgh7GwX$UsfCBzVgnI5u6siBbmkBpiQmwspq/e8qA4K3JKBZCyg=", "last_login": "2021-05-02T19:36:17.767Z", "is_superuser": false, "username": "guest", "first_name": "", "last_name": "", "email": "brynecarruthers@gmail.com", "is_staff": false, "is_active": true, "date_joined": "2021-04-29T18:53:52.822Z", "groups": [], "user_permissions": []}}, {"model": "auth.user", "pk": 3, "fields": {"password": "pbkdf2_sha256$216000$1YrwnVLJv1hX$AvNlePtIzBJrquF58BjtSPZAsEVtXr1WF41WJkWLy3U=", "last_login": "2021-05-02T22:43:58.129Z", "is_superuser": true, "username": "maryferguson", "first_name": "", "last_name": "", "email": "mary@maryferguson.com", "is_staff": true, "is_active": true, "date_joined": "2021-04-29T18:57:06.259Z", "groups": [], "user_permissions": []}}, {"model": "auth.user", "pk": 4, "fields": {"password": "pbkdf2_sha256$216000$Owh5FZEWF6Th$h3KZq61fa+M8wql4IIUf24Fq4j9sGXPZ0vR9wExrGtc=", "last_login": null, "is_superuser": false, "username": "dinky_the_cat", "first_name": "", "last_name": "", "email": "brynecarruthers@gmail.com", "is_staff": false, "is_active": true, "date_joined": "2021-05-03T15:58:22.513Z", "groups": [], "user_permissions": []}}, {"model": "auth.user", "pk": 5, "fields": {"password": "pbkdf2_sha256$216000$TBBoGCLc7wTf$kGYjMt+saq0pXbnIgxA4fNZpUyL6Y3HKoaIcHL4fETc=", "last_login": null, "is_superuser": false, "username": "dinky_the_cat2", "first_name": "", "last_name": "", "email": "brynecarruthers@gmail.com", "is_staff": false, "is_active": true, "date_joined": "2021-05-03T16:00:39.757Z", "groups": [], "user_permissions": []}}, {"model": "contenttypes.contenttype", "pk": 1, "fields": {"app_label": "admin", "model": "logentry"}}, {"model": "contenttypes.contenttype", "pk": 2, "fields": {"app_label": "auth", "model": "permission"}}, {"model": "contenttypes.contenttype", "pk": 3, "fields": {"app_label": "auth", "model": "group"}}, {"model": "contenttypes.contenttype", "pk": 4, "fields": {"app_label": "auth", "model": "user"}}, {"model": "contenttypes.contenttype", "pk": 5, "fields": {"app_label": "contenttypes", "model": "contenttype"}}, {"model": "contenttypes.contenttype", "pk": 6, "fields": {"app_label": "sessions", "model": "session"}}, {"model": "contenttypes.contenttype", "pk": 7, "fields": {"app_label": "dl", "model": "category"}}, {"model": "contenttypes.contenttype", "pk": 8, "fields": {"app_label": "dl", "model": "checkoutaddress"}}, {"model": "contenttypes.contenttype", "pk": 9, "fields": {"app_label": "dl", "model": "gallery"}}, {"model": "contenttypes.contenttype", "pk": 10, "fields": {"app_label": "dl", "model": "image"}}, {"model": "contenttypes.contenttype", "pk": 11, "fields": {"app_label": "dl", "model": "item"}}, {"model": "contenttypes.contenttype", "pk": 12, "fields": {"app_label": "dl", "model": "provinceorstate"}}, {"model": "contenttypes.contenttype", "pk": 13, "fields": {"app_label": "dl", "model": "profile"}}, {"model": "contenttypes.contenttype", "pk": 14, "fields": {"app_label": "dl", "model": "payment"}}, {"model": "contenttypes.contenttype", "pk": 15, "fields": {"app_label": "dl", "model": "orderitem"}}, {"model": "contenttypes.contenttype", "pk": 16, "fields": {"app_label": "dl", "model": "order"}}, {"model": "contenttypes.contenttype", "pk": 17, "fields": {"app_label": "ipn", "model": "paypalipn"}}, {"model": "contenttypes.contenttype", "pk": 18, "fields": {"app_label": "dl", "model": "setting"}}, {"model": "sessions.session", "pk": "covf113pce9o3778cv7sus7ovgk2x055", "fields": {"session_data": ".eJxVjEEOwiAQRe_C2pBCB3RcuvcMhGEGqRpISrsy3l2bdKHb_977LxXiupSwdpnDxOqsjDr8bhTTQ-oG-B7rrenU6jJPpDdF77Tra2N5Xnb376DEXr41RcjWcjI2eweZnPcZbWLGE4EkK9kQDXgUMCOMPg4IxidENJZdFlDvD_pjOAs:1lcynp:8w7_N35-Vz2SdB12T1eO_oN5KgdOv-Kb5Arq8UYjHk8", "expire_date": "2021-05-15T23:13:37.918Z"}}, {"model": "sessions.session", "pk": "nxspl8anupvk42ntqshyt8m5hn022uqx", "fields": {"session_data": ".eJxVjEEOwiAQRe_C2hCgUKYu3XsGwgyMVA0kpV0Z765NutDtf-_9lwhxW0vYel7CnMRZDOL0u2GkR647SPdYb01Sq-syo9wVedAury3l5-Vw_w5K7OVbu2jAAmTPoydtcCJiDcDJOs0WM8UBVbLKK4NgSHtAHq1PzuhJkWPx_gDn4zfa:1ldKog:OaLAt6a4woYwVA4iiTvTnBppwHreosyb8m6XbElkZyM", "expire_date": "2021-05-16T22:43:58.198Z"}}, {"model": "sessions.session", "pk": "rg8rsn5s5hdlinoar3rh532dn99eb9cj", "fields": {"session_data": ".eJxVjEEOwiAQRe_C2pBCB3RcuvcMhGEGqRpISrsy3l2bdKHb_977LxXiupSwdpnDxOqsjDr8bhTTQ-oG-B7rrenU6jJPpDdF77Tra2N5Xnb376DEXr41RcjWcjI2eweZnPcZbWLGE4EkK9kQDXgUMCOMPg4IxidENJZdFlDvD_pjOAs:1ldxqA:XppWfhFXsOP0WMohX8zn1kGEFAViILG1XsQpT3j9Tqk", "expire_date": "2021-05-18T16:24:06.432Z"}}, {"model": "dl.setting", "pk": 1, "fields": {"name": "Taxes", "enabled": false}}, {"model": "dl.provinceorstate", "pk": 1, "fields": {"name": "Alberta", "code": "AB", "rate": 0.05}}, {"model": "dl.provinceorstate", "pk": 2, "fields": {"name": "British Columbia", "code": "BC", "rate": 0.12}}, {"model": "dl.provinceorstate", "pk": 3, "fields": {"name": "Manitoba", "code": "MB", "rate": 0.12}}, {"model": "dl.provinceorstate", "pk": 4, "fields": {"name": "New Brunswick", "code": "NB", "rate": 0.15}}, {"model": "dl.provinceorstate", "pk": 5, "fields": {"name": "Newfoundland and Labrador", "code": "NL", "rate": 0.15}}, {"model": "dl.provinceorstate", "pk": 6, "fields": {"name": "Northwest Territories", "code": "NT", "rate": 0.05}}, {"model": "dl.provinceorstate", "pk": 7, "fields": {"name": "Nova Scotia", "code": "NS", "rate": 0.15}}, {"model": "dl.provinceorstate", "pk": 8, "fields": {"name": "Nunavut", "code": "NU", "rate": 0.05}}, {"model": "dl.provinceorstate", "pk": 9, "fields": {"name": "Ontario", "code": "ON", "rate": 0.13}}, {"model": "dl.provinceorstate", "pk": 10, "fields": {"name": "Prince Edward Island", "code": "PE", "rate": 0.15}}, {"model": "dl.provinceorstate", "pk": 11, "fields": {"name": "Quebec", "code": "QC", "rate": 0.14975}}, {"model": "dl.provinceorstate", "pk": 12, "fields": {"name": "Saskatchewan", "code": "SK", "rate": 0.11}}, {"model": "dl.provinceorstate", "pk": 13, "fields": {"name": "Yukon", "code": "YT", "rate": 0.05}}, {"model": "dl.provinceorstate", "pk": 14, "fields": {"name": "Alabama", "code": "AL", "rate": 0.0}}, {"model": "dl.provinceorstate", "pk": 15, "fields": {"name": "Alaska", "code": "AK", "rate": 0.0}}, {"model": "dl.provinceorstate", "pk": 16, "fields": {"name": "Arizona", "code": "AZ", "rate": 0.0}}, {"model": "dl.provinceorstate", "pk": 17, "fields": {"name": "Arkansas", "code": "AR", "rate": 0.0}}, {"model": "dl.provinceorstate", "pk": 18, "fields": {"name": "California", "code": "CA", "rate": 0.0}}, {"model": "dl.provinceorstate", "pk": 19, "fields": {"name": "Colorado", "code": "CO", "rate": 0.0}}, {"model": "dl.provinceorstate", "pk": 20, "fields": {"name": "Connecticut", "code": "CT", "rate": 0.0}}, {"model": "dl.provinceorstate", "pk": 21, "fields": {"name": "Delaware", "code": "DE", "rate": 0.0}}, {"model": "dl.provinceorstate", "pk": 22, "fields": {"name": "District of Columbia", "code": "DC", "rate": 0.0}}, {"model": "dl.provinceorstate", "pk": 23, "fields": {"name": "Florida", "code": "FL", "rate": 0.0}}, {"model": "dl.provinceorstate", "pk": 24, "fields": {"name": "Georgia", "code": "GA", "rate": 0.0}}, {"model": "dl.provinceorstate", "pk": 25, "fields": {"name": "Hawaii", "code": "HI", "rate": 0.0}}, {"model": "dl.provinceorstate", "pk": 26, "fields": {"name": "Idaho", "code": "ID", "rate": 0.0}}, {"model": "dl.provinceorstate", "pk": 27, "fields": {"name": "Illinois", "code": "IL", "rate": 0.0}}, {"model": "dl.provinceorstate", "pk": 28, "fields": {"name": "Indiana", "code": "IN", "rate": 0.0}}, {"model": "dl.provinceorstate", "pk": 29, "fields": {"name": "Iowa", "code": "IA", "rate": 0.0}}, {"model": "dl.provinceorstate", "pk": 30, "fields": {"name": "Kansas", "code": "KS", "rate": 0.0}}, {"model": "dl.provinceorstate", "pk": 31, "fields": {"name": "Kentucky", "code": "KY", "rate": 0.0}}, {"model": "dl.provinceorstate", "pk": 32, "fields": {"name": "Louisiana", "code": "LA", "rate": 0.0}}, {"model": "dl.provinceorstate", "pk": 33, "fields": {"name": "Maine", "code": "ME", "rate": 0.0}}, {"model": "dl.provinceorstate", "pk": 34, "fields": {"name": "Maryland", "code": "MD", "rate": 0.0}}, {"model": "dl.provinceorstate", "pk": 35, "fields": {"name": "Massachusetts", "code": "MA", "rate": 0.0}}, {"model": "dl.provinceorstate", "pk": 36, "fields": {"name": "Michigan", "code": "MI", "rate": 0.0}}, {"model": "dl.provinceorstate", "pk": 37, "fields": {"name": "Minnesota", "code": "MN", "rate": 0.0}}, {"model": "dl.provinceorstate", "pk": 38, "fields": {"name": "Mississippi", "code": "MS", "rate": 0.0}}, {"model": "dl.provinceorstate", "pk": 39, "fields": {"name": "Missouri", "code": "MO", "rate": 0.0}}, {"model": "dl.provinceorstate", "pk": 40, "fields": {"name": "Montana", "code": "MT", "rate": 0.0}}, {"model": "dl.provinceorstate", "pk": 41, "fields": {"name": "Nebraska", "code": "NE", "rate": 0.0}}, {"model": "dl.provinceorstate", "pk": 42, "fields": {"name": "Nevada", "code": "NV", "rate": 0.0}}, {"model": "dl.provinceorstate", "pk": 43, "fields": {"name": "New Hampshire", "code": "NH", "rate": 0.0}}, {"model": "dl.provinceorstate", "pk": 44, "fields": {"name": "New Jersey", "code": "NJ", "rate": 0.0}}, {"model": "dl.provinceorstate", "pk": 45, "fields": {"name": "New Mexico", "code": "NM", "rate": 0.0}}, {"model": "dl.provinceorstate", "pk": 46, "fields": {"name": "New York", "code": "NY", "rate": 0.0}}, {"model": "dl.provinceorstate", "pk": 47, "fields": {"name": "North Carolina", "code": "NC", "rate": 0.0}}, {"model": "dl.provinceorstate", "pk": 48, "fields": {"name": "North Dakota", "code": "ND", "rate": 0.0}}, {"model": "dl.provinceorstate", "pk": 49, "fields": {"name": "Ohio", "code": "OH", "rate": 0.0}}, {"model": "dl.provinceorstate", "pk": 50, "fields": {"name": "Oklahoma", "code": "OK", "rate": 0.0}}, {"model": "dl.provinceorstate", "pk": 51, "fields": {"name": "Oregon", "code": "OR", "rate": 0.0}}, {"model": "dl.provinceorstate", "pk": 52, "fields": {"name": "Pennsylvania", "code": "PA", "rate": 0.0}}, {"model": "dl.provinceorstate", "pk": 53, "fields": {"name": "Rhode Island", "code": "RI", "rate": 0.0}}, {"model": "dl.provinceorstate", "pk": 54, "fields": {"name": "South Carolina", "code": "SC", "rate": 0.0}}, {"model": "dl.provinceorstate", "pk": 55, "fields": {"name": "South Dakota", "code": "SD", "rate": 0.0}}, {"model": "dl.provinceorstate", "pk": 56, "fields": {"name": "Tennessee", "code": "TN", "rate": 0.0}}, {"model": "dl.provinceorstate", "pk": 57, "fields": {"name": "Texas", "code": "TX", "rate": 0.0}}, {"model": "dl.provinceorstate", "pk": 58, "fields": {"name": "Utah", "code": "UT", "rate": 0.0}}, {"model": "dl.provinceorstate", "pk": 59, "fields": {"name": "Vermont", "code": "VT", "rate": 0.0}}, {"model": "dl.provinceorstate", "pk": 60, "fields": {"name": "Virginia", "code": "VA", "rate": 0.0}}, {"model": "dl.provinceorstate", "pk": 61, "fields": {"name": "Washington", "code": "WA", "rate": 0.0}}, {"model": "dl.provinceorstate", "pk": 62, "fields": {"name": "West Virginia", "code": "WV", "rate": 0.0}}, {"model": "dl.provinceorstate", "pk": 63, "fields": {"name": "Wisconsin", "code": "WI", "rate": 0.0}}, {"model": "dl.provinceorstate", "pk": 64, "fields": {"name": "Wyoming", "code": "WY", "rate": 0.0}}, {"model": "dl.provinceorstate", "pk": 65, "fields": {"name": "International", "code": "IT", "rate": 0.0}}, {"model": "dl.profile", "pk": 1, "fields": {"user": 1, "name": "", "billing_name": "Dinky the cat", "shipping_name": "", "phone": "613-555-4321", "email_confirmed": false, "billing_street_address": "1197 Cuthbertson Ave.", "billing_apartment_address": "", "billing_city": "Brockville", "billing_state_province": "9", "billing_postal_zip_code": "K6V7B1", "billing_country": "CA", "shipping_street_address": "", "shipping_apartment_address": "", "shipping_city": "", "shipping_state_province": "", "shipping_country": "", "shipping_postal_zip_code": "", "address_is_same": true}}, {"model": "dl.profile", "pk": 2, "fields": {"user": 2, "name": "", "billing_name": "Dinky the cat", "shipping_name": "", "phone": "613-555-4321", "email_confirmed": true, "billing_street_address": "1197 Cuthbertson Ave.", "billing_apartment_address": "", "billing_city": "Brockville", "billing_state_province": "9", "billing_postal_zip_code": "K6V7B1", "billing_country": "CA", "shipping_street_address": "", "shipping_apartment_address": "", "shipping_city": "", "shipping_state_province": "", "shipping_country": "", "shipping_postal_zip_code": "", "address_is_same": true}}, {"model": "dl.profile", "pk": 3, "fields": {"user": 3, "name": "", "billing_name": "Mary Ferguson", "shipping_name": "", "phone": "613-278-0390", "email_confirmed": false, "billing_street_address": "678 2nd Con. N. Sherbrooke", "billing_apartment_address": "", "billing_city": "McDonalds Corners", "billing_state_province": "9", "billing_postal_zip_code": "K6V7B1", "billing_country": "CA", "shipping_street_address": "", "shipping_apartment_address": "", "shipping_city": "", "shipping_state_province": "", "shipping_country": "", "shipping_postal_zip_code": "", "address_is_same": true}}, {"model": "dl.profile", "pk": 4, "fields": {"user": 4, "name": "", "billing_name": null, "shipping_name": null, "phone": null, "email_confirmed": true, "billing_street_address": null, "billing_apartment_address": null, "billing_city": null, "billing_state_province": null, "billing_postal_zip_code": null, "billing_country": null, "shipping_street_address": null, "shipping_apartment_address": null, "shipping_city": null, "shipping_state_province": null, "shipping_country": null, "shipping_postal_zip_code": null, "address_is_same": false}}, {"model": "dl.profile", "pk": 5, "fields": {"user": 5, "name": "", "billing_name": null, "shipping_name": null, "phone": null, "email_confirmed": true, "billing_street_address": null, "billing_apartment_address": null, "billing_city": null, "billing_state_province": null, "billing_postal_zip_code": null, "billing_country": null, "shipping_street_address": null, "shipping_apartment_address": null, "shipping_city": null, "shipping_state_province": null, "shipping_country": null, "shipping_postal_zip_code": null, "address_is_same": false}}, {"model": "dl.gallery", "pk": 1, "fields": {"title": "Photography", "description": "--", "owner": 1}}, {"model": "dl.gallery", "pk": 2, "fields": {"title": "Digital Art", "description": "--", "owner": 1}}, {"model": "dl.category", "pk": 1, "fields": {"title": "Mandalas", "description": "--", "gallery": 2, "owner": 1, "link_title": "View Mandalas Pathways Video On Youtube", "link_url": "http://maryferguson.com/mandalas/mandala-pathways-video.html"}}, {"model": "dl.category", "pk": 2, "fields": {"title": "Wildlife", "description": "--", "gallery": 1, "owner": 1, "link_title": null, "link_url": null}}, {"model": "dl.category", "pk": 3, "fields": {"title": "Landscapes", "description": "--", "gallery": 1, "owner": 1, "link_title": null, "link_url": null}}, {"model": "dl.image", "pk": 1, "fields": {"title": "Mandala 6", "description": "Mandalas have been created by many  cultures throughout history and have various meanings and purposes.  For me mandalas symbolize unity consciousness - the awareness of the diversity of all life and experience as well as its underlying unity.", "gallery": 2, "category": 1, "image": "images/Mandala_6_9AeKZt1.jpg", "anchor": null, "owner": 1, "created_at": "2021-04-29T18:27:16.842Z", "updated_at": "2021-04-29T18:27:16.842Z", "link_title": null, "link_url": null}}, {"model": "dl.image", "pk": 2, "fields": {"title": "Mandala 5", "description": "Mandalas have been created by many  cultures throughout history and have various meanings and purposes.  For me mandalas symbolize unity consciousness - the awareness of the diversity of all life and experience as well as its underlying unity.", "gallery": 2, "category": 1, "image": "images/Mandala_5_ZYVpNhW.jpg", "anchor": null, "owner": 1, "created_at": "2021-04-29T18:27:51.430Z", "updated_at": "2021-04-29T18:27:51.430Z", "link_title": null, "link_url": null}}, {"model": "dl.image", "pk": 3, "fields": {"title": "Mandala 4", "description": "Mandalas have been created by many  cultures throughout history and have various meanings and purposes.  For me mandalas symbolize unity consciousness - the awareness of the diversity of all life and experience as well as its underlying unity.", "gallery": 2, "category": 1, "image": "images/Mandala_4_nkVNcTY.jpg", "anchor": null, "owner": 1, "created_at": "2021-04-29T18:28:20.852Z", "updated_at": "2021-04-29T18:28:20.852Z", "link_title": null, "link_url": null}}, {"model": "dl.image", "pk": 4, "fields": {"title": "Mandala 3", "description": "Mandalas have been created by many  cultures throughout history and have various meanings and purposes.  For me mandalas symbolize unity consciousness - the awareness of the diversity of all life and experience as well as its underlying unity.", "gallery": 2, "category": 1, "image": "images/Mandala_3_r0QIcd2.jpg", "anchor": null, "owner": 1, "created_at": "2021-04-29T18:28:59.217Z", "updated_at": "2021-04-29T18:28:59.217Z", "link_title": null, "link_url": null}}, {"model": "dl.image", "pk": 5, "fields": {"title": "Mandala 2", "description": "Mandalas have been created by many  cultures throughout history and have various meanings and purposes.  For me mandalas symbolize unity consciousness - the awareness of the diversity of all life and experience as well as its underlying unity.", "gallery": 2, "category": 1, "image": "images/Mandala_2_gyS8DLn.jpg", "anchor": null, "owner": 1, "created_at": "2021-04-29T18:29:24.257Z", "updated_at": "2021-04-29T18:29:24.257Z", "link_title": null, "link_url": null}}, {"model": "dl.image", "pk": 6, "fields": {"title": "Mandala 1", "description": "Mandalas have been created by many  cultures throughout history and have various meanings and purposes.  For me mandalas symbolize unity consciousness - the awareness of the diversity of all life and experience as well as its underlying unity.", "gallery": 2, "category": 1, "image": "images/Mandala_1_ZYMSGqw.jpg", "anchor": null, "owner": 1, "created_at": "2021-04-29T18:29:51.269Z", "updated_at": "2021-05-06T17:03:33.854Z", "link_title": "Mandala Pathways Music", "link_url": "http://maryferguson.com/mandalas/music-cd-from-mandala-pathw.html"}}, {"model": "dl.image", "pk": 7, "fields": {"title": "Antelope Canyon, Arizona", "description": "Antelope Canyon is a slot canyon in the American Southwest, on Navajo land east of Page, Arizona.", "gallery": 1, "category": 3, "image": "images/antelope_canyon__008_800_YE3beje.jpg", "anchor": null, "owner": 1, "created_at": "2021-04-29T18:32:12.339Z", "updated_at": "2021-04-29T18:32:12.339Z", "link_title": null, "link_url": null}}, {"model": "dl.image", "pk": 8, "fields": {"title": "Bryce Canyon, Utah", "description": "Bryce Canyon National Park is an American national park located in southwestern Utah.", "gallery": 1, "category": 3, "image": "images/bryce_canyon__007_820_6MqulKx.jpg", "anchor": null, "owner": 1, "created_at": "2021-04-29T18:33:46.620Z", "updated_at": "2021-04-29T18:33:46.620Z", "link_title": null, "link_url": null}}, {"model": "dl.image", "pk": 9, "fields": {"title": "Zion Canyon, Utah", "description": "Zion National Park is a southwest Utah nature preserve distinguished by Zion Canyon’s steep red cliffs.", "gallery": 1, "category": 3, "image": "images/zion__002_2000_YE5DJLM.jpg", "anchor": null, "owner": 1, "created_at": "2021-04-29T18:34:56.261Z", "updated_at": "2021-04-29T18:38:01.519Z", "link_title": null, "link_url": null}}, {"model": "dl.image", "pk": 10, "fields": {"title": "Gorilla", "description": "Close encounters with animals...", "gallery": 1, "category": 2, "image": "images/gorilla_mg_0949_857_LHglpDL.jpg", "anchor": null, "owner": 1, "created_at": "2021-04-29T18:35:56.390Z", "updated_at": "2021-04-29T18:35:56.391Z", "link_title": null, "link_url": null}}, {"model": "dl.image", "pk": 11, "fields": {"title": "Alligator", "description": "Close encounters with animals...", "gallery": 1, "category": 2, "image": "images/img_7271_264_of_308-2_2000_rKNaGgN.jpg", "anchor": null, "owner": 1, "created_at": "2021-04-29T18:37:24.788Z", "updated_at": "2021-04-29T18:37:24.788Z", "link_title": null, "link_url": null}}, {"model": "dl.image", "pk": 12, "fields": {"title": "Blue-Footed Booby Bird & Chick", "description": "Close encounters with animals...", "gallery": 1, "category": 2, "image": "images/isla_de_la_plata__006_2000_UE1If3s.jpg", "anchor": null, "owner": 1, "created_at": "2021-04-29T18:38:55.074Z", "updated_at": "2021-04-29T18:38:55.074Z", "link_title": null, "link_url": null}}, {"model": "dl.checkoutaddress", "pk": 1, "fields": {"user": 1, "billing_name": "Dinky the cat", "phone": "613-555-4321", "street_address": "1197 Cuthbertson Ave.", "apartment_address": "", "city": "Brockville", "province_or_state": 9, "country": "CA", "zip": "K6V7B1", "shipping_name": "", "shipping_street_address": "", "shipping_apartment_address": "", "shipping_city": "", "shipping_province_or_state": null, "shipping_country": "", "shipping_zip": "", "address_is_same": true, "shipping_amount": 0.0}}, {"model": "dl.checkoutaddress", "pk": 2, "fields": {"user": 1, "billing_name": "Dinky the cat", "phone": "613-555-4321", "street_address": "1197 Cuthbertson Ave.", "apartment_address": "", "city": "Brockville", "province_or_state": 9, "country": "CA", "zip": "K6V7B1", "shipping_name": "", "shipping_street_address": "", "shipping_apartment_address": "", "shipping_city": "", "shipping_province_or_state": null, "shipping_country": "", "shipping_zip": "", "address_is_same": true, "shipping_amount": 0.0}}, {"model": "dl.checkoutaddress", "pk": 3, "fields": {"user": 1, "billing_name": "Dinky the cat", "phone": "613-555-4321", "street_address": "1197 Cuthbertson Ave.", "apartment_address": "", "city": "Brockville", "province_or_state": 9, "country": "CA", "zip": "K6V7B1", "shipping_name": "", "shipping_street_address": "", "shipping_apartment_address": "", "shipping_city": "", "shipping_province_or_state": null, "shipping_country": "", "shipping_zip": "", "address_is_same": true, "shipping_amount": 0.0}}, {"model": "dl.checkoutaddress", "pk": 4, "fields": {"user": 1, "billing_name": "Dinky the cat", "phone": "613-555-4321", "street_address": "1197 Cuthbertson Ave.", "apartment_address": "", "city": "Brockville", "province_or_state": 9, "country": "CA", "zip": "K6V7B1", "shipping_name": "", "shipping_street_address": "", "shipping_apartment_address": "", "shipping_city": "", "shipping_province_or_state": null, "shipping_country": "", "shipping_zip": "", "address_is_same": true, "shipping_amount": 0.0}}, {"model": "dl.checkoutaddress", "pk": 5, "fields": {"user": 1, "billing_name": "Dinky the cat", "phone": "613-555-4321", "street_address": "1197 Cuthbertson Ave.", "apartment_address": "", "city": "Brockville", "province_or_state": 9, "country": "CA", "zip": "K6V7B1", "shipping_name": "", "shipping_street_address": "", "shipping_apartment_address": "", "shipping_city": "", "shipping_province_or_state": null, "shipping_country": "", "shipping_zip": "", "address_is_same": true, "shipping_amount": 0.0}}, {"model": "dl.checkoutaddress", "pk": 6, "fields": {"user": 1, "billing_name": "Dinky the cat", "phone": "613-555-4321", "street_address": "1197 Cuthbertson Ave.", "apartment_address": "", "city": "Brockville", "province_or_state": 9, "country": "CA", "zip": "K6V7B1", "shipping_name": "", "shipping_street_address": "", "shipping_apartment_address": "", "shipping_city": "", "shipping_province_or_state": null, "shipping_country": "", "shipping_zip": "", "address_is_same": true, "shipping_amount": 0.0}}, {"model": "dl.checkoutaddress", "pk": 7, "fields": {"user": 2, "billing_name": "Dinky the cat", "phone": "613-555-4321", "street_address": "1197 Cuthbertson Ave.", "apartment_address": "", "city": "Brockville", "province_or_state": 9, "country": "CA", "zip": "K6V7B1", "shipping_name": "", "shipping_street_address": "", "shipping_apartment_address": "", "shipping_city": "", "shipping_province_or_state": null, "shipping_country": "", "shipping_zip": "", "address_is_same": true, "shipping_amount": 0.0}}, {"model": "dl.checkoutaddress", "pk": 8, "fields": {"user": 3, "billing_name": "Mary Ferguson", "phone": "613-278-0390", "street_address": "678 2nd Con. N. Sherbrooke", "apartment_address": "", "city": "McDonalds Corners", "province_or_state": 9, "country": "CA", "zip": "K6V7B1", "shipping_name": "", "shipping_street_address": "", "shipping_apartment_address": "", "shipping_city": "", "shipping_province_or_state": null, "shipping_country": "", "shipping_zip": "", "address_is_same": true, "shipping_amount": 0.0}}, {"model": "dl.checkoutaddress", "pk": 9, "fields": {"user": 3, "billing_name": "Mary Ferguson", "phone": "613-278-0390", "street_address": "678 2nd Con. N. Sherbrooke", "apartment_address": "", "city": "McDonalds Corners", "province_or_state": 9, "country": "CA", "zip": "K6V7B1", "shipping_name": "", "shipping_street_address": "", "shipping_apartment_address": "", "shipping_city": "", "shipping_province_or_state": null, "shipping_country": "", "shipping_zip": "", "address_is_same": true, "shipping_amount": 0.0}}, {"model": "dl.checkoutaddress", "pk": 10, "fields": {"user": 1, "billing_name": "Dinky the cat", "phone": "613-555-4321", "street_address": "1197 Cuthbertson Ave.", "apartment_address": "", "city": "Brockville", "province_or_state": 2, "country": "CA", "zip": "K6V7B1", "shipping_name": "", "shipping_street_address": "", "shipping_apartment_address": "", "shipping_city": "", "shipping_province_or_state": null, "shipping_country": "", "shipping_zip": "", "address_is_same": true, "shipping_amount": 0.0}}, {"model": "dl.checkoutaddress", "pk": 11, "fields": {"user": 1, "billing_name": "Dinky the cat", "phone": "613-555-4321", "street_address": "1197 Cuthbertson Ave.", "apartment_address": "", "city": "Brockville", "province_or_state": 9, "country": "CA", "zip": "K6V7B1", "shipping_name": "", "shipping_street_address": "", "shipping_apartment_address": "", "shipping_city": "", "shipping_province_or_state": null, "shipping_country": "", "shipping_zip": "", "address_is_same": true, "shipping_amount": 0.0}}, {"model": "dl.checkoutaddress", "pk": 12, "fields": {"user": 3, "billing_name": "Mary Ferguson", "phone": "613-278-0390", "street_address": "678 2nd Con. N. Sherbrooke", "apartment_address": "", "city": "McDonalds Corners", "province_or_state": 9, "country": "CA", "zip": "K6V7B1", "shipping_name": "", "shipping_street_address": "", "shipping_apartment_address": "", "shipping_city": "", "shipping_province_or_state": null, "shipping_country": "", "shipping_zip": "", "address_is_same": true, "shipping_amount": 0.0}}, {"model": "dl.checkoutaddress", "pk": 13, "fields": {"user": 1, "billing_name": "Dinky the cat", "phone": "613-555-4321", "street_address": "1197 Cuthbertson Ave.", "apartment_address": "", "city": "Brockville", "province_or_state": 9, "country": "CA", "zip": "K6V7B1", "shipping_name": "", "shipping_street_address": "", "shipping_apartment_address": "", "shipping_city": "", "shipping_province_or_state": null, "shipping_country": "", "shipping_zip": "", "address_is_same": true, "shipping_amount": 0.0}}, {"model": "dl.checkoutaddress", "pk": 14, "fields": {"user": 1, "billing_name": "Dinky the cat", "phone": "613-555-4321", "street_address": "1197 Cuthbertson Ave.", "apartment_address": "", "city": "Brockville", "province_or_state": 2, "country": "CA", "zip": "K6V7B1", "shipping_name": "", "shipping_street_address": "", "shipping_apartment_address": "", "shipping_city": "", "shipping_province_or_state": null, "shipping_country": "", "shipping_zip": "", "address_is_same": true, "shipping_amount": 0.0}}, {"model": "dl.checkoutaddress", "pk": 15, "fields": {"user": 1, "billing_name": "Dinky the cat", "phone": "613-555-4321", "street_address": "1197 Cuthbertson Ave.", "apartment_address": "", "city": "Brockville", "province_or_state": 10, "country": "CA", "zip": "K6V7B1", "shipping_name": "", "shipping_street_address": "", "shipping_apartment_address": "", "shipping_city": "", "shipping_province_or_state": null, "shipping_country": "", "shipping_zip": "", "address_is_same": true, "shipping_amount": 0.0}}, {"model": "dl.checkoutaddress", "pk": 16, "fields": {"user": 1, "billing_name": "Dinky the cat", "phone": "613-555-4321", "street_address": "1197 Cuthbertson Ave.", "apartment_address": "", "city": "Brockville", "province_or_state": 65, "country": "EU", "zip": "K6V7B1", "shipping_name": "", "shipping_street_address": "", "shipping_apartment_address": "", "shipping_city": "", "shipping_province_or_state": 6, "shipping_country": "EU", "shipping_zip": "", "address_is_same": true, "shipping_amount": 0.0}}, {"model": "dl.checkoutaddress", "pk": 17, "fields": {"user": 1, "billing_name": "Dinky the cat", "phone": "613-555-4321", "street_address": "1197 Cuthbertson Ave.", "apartment_address": "", "city": "Brockville", "province_or_state": 65, "country": "IN", "zip": "K6V7B1", "shipping_name": "", "shipping_street_address": "", "shipping_apartment_address": "", "shipping_city": "", "shipping_province_or_state": null, "shipping_country": "", "shipping_zip": "", "address_is_same": true, "shipping_amount": 0.0}}, {"model": "dl.checkoutaddress", "pk": 18, "fields": {"user": 1, "billing_name": "Dinky the cat", "phone": "613-555-4321", "street_address": "1197 Cuthbertson Ave.", "apartment_address": "", "city": "Brockville", "province_or_state": 9, "country": "CA", "zip": "K6V7B1", "shipping_name": "", "shipping_street_address": "", "shipping_apartment_address": "", "shipping_city": "", "shipping_province_or_state": null, "shipping_country": "", "shipping_zip": "", "address_is_same": true, "shipping_amount": 0.0}}, {"model": "dl.checkoutaddress", "pk": 19, "fields": {"user": 1, "billing_name": "Dinky the cat", "phone": "613-555-4321", "street_address": "1197 Cuthbertson Ave.", "apartment_address": "", "city": "Brockville", "province_or_state": 9, "country": "CA", "zip": "K6V7B1", "shipping_name": "", "shipping_street_address": "", "shipping_apartment_address": "", "shipping_city": "", "shipping_province_or_state": null, "shipping_country": "", "shipping_zip": "", "address_is_same": true, "shipping_amount": 0.0}}, {"model": "dl.checkoutaddress", "pk": 20, "fields": {"user": 1, "billing_name": "Dinky the cat", "phone": "613-555-4321", "street_address": "1197 Cuthbertson Ave.", "apartment_address": "", "city": "Brockville", "province_or_state": 9, "country": "CA", "zip": "K6V7B1", "shipping_name": "", "shipping_street_address": "", "shipping_apartment_address": "", "shipping_city": "", "shipping_province_or_state": null, "shipping_country": "", "shipping_zip": "", "address_is_same": true, "shipping_amount": 0.0}}, {"model": "dl.checkoutaddress", "pk": 21, "fields": {"user": 1, "billing_name": "Dinky the cat", "phone": "613-555-4321", "street_address": "1197 Cuthbertson Ave.", "apartment_address": "", "city": "Brockville", "province_or_state": 9, "country": "CA", "zip": "K6V7B1", "shipping_name": "", "shipping_street_address": "", "shipping_apartment_address": "", "shipping_city": "", "shipping_province_or_state": null, "shipping_country": "", "shipping_zip": "", "address_is_same": true, "shipping_amount": 0.0}}, {"model": "dl.checkoutaddress", "pk": 22, "fields": {"user": 1, "billing_name": "Dinky the cat", "phone": "613-555-4321", "street_address": "1197 Cuthbertson Ave.", "apartment_address": "", "city": "Brockville", "province_or_state": 9, "country": "CA", "zip": "K6V7B1", "shipping_name": "", "shipping_street_address": "", "shipping_apartment_address": "", "shipping_city": "", "shipping_province_or_state": null, "shipping_country": "", "shipping_zip": "", "address_is_same": true, "shipping_amount": 0.0}}, {"model": "dl.checkoutaddress", "pk": 23, "fields": {"user": 1, "billing_name": "Dinky the cat", "phone": "613-555-4321", "street_address": "1197 Cuthbertson Ave.", "apartment_address": "", "city": "Brockville", "province_or_state": 9, "country": "CA", "zip": "K6V7B1", "shipping_name": "", "shipping_street_address": "", "shipping_apartment_address": "", "shipping_city": "", "shipping_province_or_state": null, "shipping_country": "", "shipping_zip": "", "address_is_same": true, "shipping_amount": 0.0}}, {"model": "dl.checkoutaddress", "pk": 24, "fields": {"user": 1, "billing_name": "Dinky the cat", "phone": "613-555-4321", "street_address": "1197 Cuthbertson Ave.", "apartment_address": "", "city": "Brockville", "province_or_state": 9, "country": "CA", "zip": "K6V7B1", "shipping_name": "", "shipping_street_address": "", "shipping_apartment_address": "", "shipping_city": "", "shipping_province_or_state": null, "shipping_country": "", "shipping_zip": "", "address_is_same": true, "shipping_amount": 0.0}}, {"model": "dl.checkoutaddress", "pk": 25, "fields": {"user": 1, "billing_name": "Dinky the cat", "phone": "613-555-4321", "street_address": "1197 Cuthbertson Ave.", "apartment_address": "", "city": "Brockville", "province_or_state": 9, "country": "CA", "zip": "K6V7B1", "shipping_name": "", "shipping_street_address": "", "shipping_apartment_address": "", "shipping_city": "", "shipping_province_or_state": null, "shipping_country": "", "shipping_zip": "", "address_is_same": true, "shipping_amount": 0.0}}, {"model": "dl.checkoutaddress", "pk": 26, "fields": {"user": 1, "billing_name": "Dinky the cat", "phone": "613-555-4321", "street_address": "1197 Cuthbertson Ave.", "apartment_address": "", "city": "Brockville", "province_or_state": 9, "country": "CA", "zip": "K6V7B1", "shipping_name": "", "shipping_street_address": "", "shipping_apartment_address": "", "shipping_city": "", "shipping_province_or_state": null, "shipping_country": "", "shipping_zip": "", "address_is_same": true, "shipping_amount": 0.0}}, {"model": "dl.checkoutaddress", "pk": 27, "fields": {"user": 1, "billing_name": "Dinky the cat", "phone": "613-555-4321", "street_address": "1197 Cuthbertson Ave.", "apartment_address": "", "city": "Brockville", "province_or_state": 9, "country": "CA", "zip": "K6V7B1", "shipping_name": "", "shipping_street_address": "", "shipping_apartment_address": "", "shipping_city": "", "shipping_province_or_state": null, "shipping_country": "", "shipping_zip": "", "address_is_same": true, "shipping_amount": 0.0}}, {"model": "dl.checkoutaddress", "pk": 28, "fields": {"user": 1, "billing_name": "Dinky the cat", "phone": "613-555-4321", "street_address": "1197 Cuthbertson Ave.", "apartment_address": "", "city": "Brockville", "province_or_state": 9, "country": "CA", "zip": "K6V7B1", "shipping_name": "", "shipping_street_address": "", "shipping_apartment_address": "", "shipping_city": "", "shipping_province_or_state": null, "shipping_country": "", "shipping_zip": "", "address_is_same": true, "shipping_amount": 0.0}}, {"model": "dl.checkoutaddress", "pk": 29, "fields": {"user": 1, "billing_name": "Dinky the cat", "phone": "613-555-4321", "street_address": "1197 Cuthbertson Ave.", "apartment_address": "", "city": "Brockville", "province_or_state": 9, "country": "CA", "zip": "K6V7B1", "shipping_name": "", "shipping_street_address": "", "shipping_apartment_address": "", "shipping_city": "", "shipping_province_or_state": null, "shipping_country": "", "shipping_zip": "", "address_is_same": true, "shipping_amount": 0.0}}, {"model": "dl.checkoutaddress", "pk": 30, "fields": {"user": 1, "billing_name": "Dinky the cat", "phone": "613-555-4321", "street_address": "1197 Cuthbertson Ave.", "apartment_address": "", "city": "Brockville", "province_or_state": 9, "country": "CA", "zip": "K6V7B1", "shipping_name": "", "shipping_street_address": "", "shipping_apartment_address": "", "shipping_city": "", "shipping_province_or_state": null, "shipping_country": "", "shipping_zip": "", "address_is_same": true, "shipping_amount": 0.0}}, {"model": "dl.checkoutaddress", "pk": 31, "fields": {"user": 2, "billing_name": "Dinky the cat", "phone": "613-555-4321", "street_address": "1197 Cuthbertson Ave.", "apartment_address": "", "city": "Brockville", "province_or_state": 9, "country": "CA", "zip": "K6V7B1", "shipping_name": "", "shipping_street_address": "", "shipping_apartment_address": "", "shipping_city": "", "shipping_province_or_state": null, "shipping_country": "", "shipping_zip": "", "address_is_same": true, "shipping_amount": 0.0}}, {"model": "dl.checkoutaddress", "pk": 32, "fields": {"user": 1, "billing_name": "Dinky the cat", "phone": "613-555-4321", "street_address": "1197 Cuthbertson Ave.", "apartment_address": "", "city": "Brockville", "province_or_state": 9, "country": "CA", "zip": "K6V7B1", "shipping_name": "", "shipping_street_address": "", "shipping_apartment_address": "", "shipping_city": "", "shipping_province_or_state": null, "shipping_country": "", "shipping_zip": "", "address_is_same": true, "shipping_amount": 0.0}}, {"model": "dl.checkoutaddress", "pk": 33, "fields": {"user": 1, "billing_name": "Dinky the cat", "phone": "613-555-4321", "street_address": "1197 Cuthbertson Ave.", "apartment_address": "", "city": "Brockville", "province_or_state": 9, "country": "CA", "zip": "K6V7B1", "shipping_name": "", "shipping_street_address": "", "shipping_apartment_address": "", "shipping_city": "", "shipping_province_or_state": null, "shipping_country": "", "shipping_zip": "", "address_is_same": true, "shipping_amount": 0.0}}, {"model": "dl.checkoutaddress", "pk": 34, "fields": {"user": 2, "billing_name": "Dinky the cat", "phone": "613-555-4321", "street_address": "1197 Cuthbertson Ave.", "apartment_address": "", "city": "Brockville", "province_or_state": 9, "country": "CA", "zip": "K6V7B1", "shipping_name": "", "shipping_street_address": "", "shipping_apartment_address": "", "shipping_city": "", "shipping_province_or_state": null, "shipping_country": "", "shipping_zip": "", "address_is_same": true, "shipping_amount": 0.0}}, {"model": "dl.checkoutaddress", "pk": 35, "fields": {"user": 2, "billing_name": "Dinky the cat", "phone": "613-555-4321", "street_address": "1197 Cuthbertson Ave.", "apartment_address": "", "city": "Brockville", "province_or_state": 9, "country": "CA", "zip": "K6V7B1", "shipping_name": "", "shipping_street_address": "", "shipping_apartment_address": "", "shipping_city": "", "shipping_province_or_state": null, "shipping_country": "", "shipping_zip": "", "address_is_same": true, "shipping_amount": 0.0}}, {"model": "dl.checkoutaddress", "pk": 36, "fields": {"user": 2, "billing_name": "Dinky the cat", "phone": "613-555-4321", "street_address": "1197 Cuthbertson Ave.", "apartment_address": "", "city": "Brockville", "province_or_state": 9, "country": "CA", "zip": "K6V7B1", "shipping_name": "", "shipping_street_address": "", "shipping_apartment_address": "", "shipping_city": "", "shipping_province_or_state": null, "shipping_country": "", "shipping_zip": "", "address_is_same": true, "shipping_amount": 0.0}}, {"model": "dl.checkoutaddress", "pk": 37, "fields": {"user": 2, "billing_name": "Dinky the cat", "phone": "613-555-4321", "street_address": "1197 Cuthbertson Ave.", "apartment_address": "", "city": "Brockville", "province_or_state": 9, "country": "CA", "zip": "K6V7B1", "shipping_name": "", "shipping_street_address": "", "shipping_apartment_address": "", "shipping_city": "", "shipping_province_or_state": null, "shipping_country": "", "shipping_zip": "", "address_is_same": true, "shipping_amount": 0.0}}, {"model": "dl.checkoutaddress", "pk": 38, "fields": {"user": 1, "billing_name": "Dinky the cat", "phone": "613-555-4321", "street_address": "1197 Cuthbertson Ave.", "apartment_address": "", "city": "Brockville", "province_or_state": 9, "country": "CA", "zip": "K6V7B1", "shipping_name": "", "shipping_street_address": "", "shipping_apartment_address": "", "shipping_city": "", "shipping_province_or_state": null, "shipping_country": "", "shipping_zip": "", "address_is_same": true, "shipping_amount": 0.0}}, {"model": "dl.checkoutaddress", "pk": 39, "fields": {"user": 1, "billing_name": "Dinky the cat", "phone": "613-555-4321", "street_address": "1197 Cuthbertson Ave.", "apartment_address": "", "city": "Brockville", "province_or_state": 9, "country": "CA", "zip": "K6V7B1", "shipping_name": "", "shipping_street_address": "", "shipping_apartment_address": "", "shipping_city": "", "shipping_province_or_state": null, "shipping_country": "", "shipping_zip": "", "address_is_same": true, "shipping_amount": 0.0}}, {"model": "dl.checkoutaddress", "pk": 40, "fields": {"user": 1, "billing_name": "Dinky the cat", "phone": "613-555-4321", "street_address": "1197 Cuthbertson Ave.", "apartment_address": "", "city": "Brockville", "province_or_state": 9, "country": "CA", "zip": "K6V7B1", "shipping_name": "", "shipping_street_address": "", "shipping_apartment_address": "", "shipping_city": "", "shipping_province_or_state": null, "shipping_country": "", "shipping_zip": "", "address_is_same": true, "shipping_amount": 0.0}}, {"model": "dl.checkoutaddress", "pk": 41, "fields": {"user": 1, "billing_name": "Dinky the cat", "phone": "613-555-4321", "street_address": "1197 Cuthbertson Ave.", "apartment_address": "", "city": "Brockville", "province_or_state": 9, "country": "CA", "zip": "K6V7B1", "shipping_name": "", "shipping_street_address": "", "shipping_apartment_address": "", "shipping_city": "", "shipping_province_or_state": null, "shipping_country": "", "shipping_zip": "", "address_is_same": true, "shipping_amount": 0.0}}, {"model": "dl.checkoutaddress", "pk": 42, "fields": {"user": 1, "billing_name": "Dinky the cat", "phone": "613-555-4321", "street_address": "1197 Cuthbertson Ave.", "apartment_address": "", "city": "Brockville", "province_or_state": 9, "country": "CA", "zip": "K6V7B1", "shipping_name": "", "shipping_street_address": "", "shipping_apartment_address": "", "shipping_city": "", "shipping_province_or_state": null, "shipping_country": "", "shipping_zip": "", "address_is_same": true, "shipping_amount": 0.0}}, {"model": "dl.checkoutaddress", "pk": 43, "fields": {"user": 1, "billing_name": "Dinky the cat", "phone": "613-555-4321", "street_address": "1197 Cuthbertson Ave.", "apartment_address": "", "city": "Brockville", "province_or_state": 9, "country": "CA", "zip": "K6V7B1", "shipping_name": "", "shipping_street_address": "", "shipping_apartment_address": "", "shipping_city": "", "shipping_province_or_state": null, "shipping_country": "", "shipping_zip": "", "address_is_same": true, "shipping_amount": 0.0}}, {"model": "dl.checkoutaddress", "pk": 44, "fields": {"user": 1, "billing_name": "Dinky the cat", "phone": "613-555-4321", "street_address": "1197 Cuthbertson Ave.", "apartment_address": "", "city": "Brockville", "province_or_state": 9, "country": "CA", "zip": "K6V7B1", "shipping_name": "", "shipping_street_address": "", "shipping_apartment_address": "", "shipping_city": "", "shipping_province_or_state": null, "shipping_country": "", "shipping_zip": "", "address_is_same": true, "shipping_amount": 0.0}}, {"model": "dl.checkoutaddress", "pk": 45, "fields": {"user": 1, "billing_name": "Dinky the cat", "phone": "613-555-4321", "street_address": "1197 Cuthbertson Ave.", "apartment_address": "", "city": "Brockville", "province_or_state": 9, "country": "CA", "zip": "K6V7B1", "shipping_name": "", "shipping_street_address": "", "shipping_apartment_address": "", "shipping_city": "", "shipping_province_or_state": null, "shipping_country": "", "shipping_zip": "", "address_is_same": true, "shipping_amount": 0.0}}, {"model": "dl.checkoutaddress", "pk": 46, "fields": {"user": 1, "billing_name": "Dinky the cat", "phone": "613-555-4321", "street_address": "1197 Cuthbertson Ave.", "apartment_address": "", "city": "Brockville", "province_or_state": 9, "country": "CA", "zip": "K6V7B1", "shipping_name": "", "shipping_street_address": "", "shipping_apartment_address": "", "shipping_city": "", "shipping_province_or_state": null, "shipping_country": "", "shipping_zip": "", "address_is_same": true, "shipping_amount": 0.0}}, {"model": "dl.checkoutaddress", "pk": 47, "fields": {"user": 1, "billing_name": "Dinky the cat", "phone": "613-555-4321", "street_address": "1197 Cuthbertson Ave.", "apartment_address": "", "city": "Brockville", "province_or_state": 9, "country": "CA", "zip": "K6V7B1", "shipping_name": "", "shipping_street_address": "", "shipping_apartment_address": "", "shipping_city": "", "shipping_province_or_state": null, "shipping_country": "", "shipping_zip": "", "address_is_same": true, "shipping_amount": 0.0}}, {"model": "dl.checkoutaddress", "pk": 48, "fields": {"user": 1, "billing_name": "Dinky the cat", "phone": "613-555-4321", "street_address": "1197 Cuthbertson Ave.", "apartment_address": "", "city": "Brockville", "province_or_state": 9, "country": "CA", "zip": "K6V7B1", "shipping_name": "", "shipping_street_address": "", "shipping_apartment_address": "", "shipping_city": "", "shipping_province_or_state": null, "shipping_country": "", "shipping_zip": "", "address_is_same": true, "shipping_amount": 0.0}}, {"model": "dl.checkoutaddress", "pk": 49, "fields": {"user": 1, "billing_name": "Dinky the cat", "phone": "613-555-4321", "street_address": "1197 Cuthbertson Ave.", "apartment_address": "", "city": "Brockville", "province_or_state": 9, "country": "CA", "zip": "K6V7B1", "shipping_name": "", "shipping_street_address": "", "shipping_apartment_address": "", "shipping_city": "", "shipping_province_or_state": null, "shipping_country": "", "shipping_zip": "", "address_is_same": true, "shipping_amount": 0.0}}, {"model": "dl.checkoutaddress", "pk": 50, "fields": {"user": 1, "billing_name": "Dinky the cat", "phone": "613-555-4321", "street_address": "1197 Cuthbertson Ave.", "apartment_address": "", "city": "Brockville", "province_or_state": 9, "country": "CA", "zip": "K6V7B1", "shipping_name": "", "shipping_street_address": "", "shipping_apartment_address": "", "shipping_city": "", "shipping_province_or_state": null, "shipping_country": "", "shipping_zip": "", "address_is_same": true, "shipping_amount": 0.0}}, {"model": "dl.checkoutaddress", "pk": 51, "fields": {"user": 1, "billing_name": "Dinky the cat", "phone": "613-555-4321", "street_address": "1197 Cuthbertson Ave.", "apartment_address": "", "city": "Brockville", "province_or_state": 9, "country": "CA", "zip": "K6V7B1", "shipping_name": "", "shipping_street_address": "", "shipping_apartment_address": "", "shipping_city": "", "shipping_province_or_state": null, "shipping_country": "", "shipping_zip": "", "address_is_same": true, "shipping_amount": 0.0}}, {"model": "dl.checkoutaddress", "pk": 52, "fields": {"user": 1, "billing_name": "Dinky the cat", "phone": "613-555-4321", "street_address": "1197 Cuthbertson Ave.", "apartment_address": "", "city": "Brockville", "province_or_state": 9, "country": "CA", "zip": "K6V7B1", "shipping_name": "", "shipping_street_address": "", "shipping_apartment_address": "", "shipping_city": "", "shipping_province_or_state": null, "shipping_country": "", "shipping_zip": "", "address_is_same": true, "shipping_amount": 0.0}}, {"model": "dl.checkoutaddress", "pk": 53, "fields": {"user": 1, "billing_name": "Dinky the cat", "phone": "613-555-4321", "street_address": "1197 Cuthbertson Ave.", "apartment_address": "", "city": "Brockville", "province_or_state": 9, "country": "CA", "zip": "K6V7B1", "shipping_name": "", "shipping_street_address": "", "shipping_apartment_address": "", "shipping_city": "", "shipping_province_or_state": null, "shipping_country": "", "shipping_zip": "", "address_is_same": true, "shipping_amount": 0.0}}, {"model": "dl.checkoutaddress", "pk": 54, "fields": {"user": 1, "billing_name": "Dinky the cat", "phone": "613-555-4321", "street_address": "1197 Cuthbertson Ave.", "apartment_address": "", "city": "Brockville", "province_or_state": 9, "country": "CA", "zip": "K6V7B1", "shipping_name": "", "shipping_street_address": "", "shipping_apartment_address": "", "shipping_city": "", "shipping_province_or_state": null, "shipping_country": "", "shipping_zip": "", "address_is_same": true, "shipping_amount": 0.0}}, {"model": "dl.checkoutaddress", "pk": 55, "fields": {"user": 1, "billing_name": "Dinky the cat", "phone": "613-555-4321", "street_address": "1197 Cuthbertson Ave.", "apartment_address": "", "city": "Brockville", "province_or_state": 9, "country": "CA", "zip": "K6V7B1", "shipping_name": "", "shipping_street_address": "", "shipping_apartment_address": "", "shipping_city": "", "shipping_province_or_state": null, "shipping_country": "", "shipping_zip": "", "address_is_same": true, "shipping_amount": 0.0}}, {"model": "dl.checkoutaddress", "pk": 56, "fields": {"user": 1, "billing_name": "Dinky the cat", "phone": "613-555-4321", "street_address": "1197 Cuthbertson Ave.", "apartment_address": "", "city": "Brockville", "province_or_state": 9, "country": "CA", "zip": "K6V7B1", "shipping_name": "Dinky the cat", "shipping_street_address": "678 2nd Con N Sherbrooke", "shipping_apartment_address": "", "shipping_city": "McDonald's Corners", "shipping_province_or_state": 9, "shipping_country": "CA", "shipping_zip": "K0G1M0", "address_is_same": false, "shipping_amount": 0.0}}, {"model": "dl.checkoutaddress", "pk": 57, "fields": {"user": 1, "billing_name": "Dinky the cat", "phone": "613-555-4321", "street_address": "1197 Cuthbertson Ave.", "apartment_address": "", "city": "Brockville", "province_or_state": 9, "country": "CA", "zip": "K6V7B1", "shipping_name": "", "shipping_street_address": "", "shipping_apartment_address": "", "shipping_city": "", "shipping_province_or_state": null, "shipping_country": "", "shipping_zip": "", "address_is_same": true, "shipping_amount": 0.0}}, {"model": "dl.checkoutaddress", "pk": 58, "fields": {"user": 1, "billing_name": "Dinky the cat", "phone": "613-555-4321", "street_address": "1197 Cuthbertson Ave.", "apartment_address": "", "city": "Brockville", "province_or_state": 9, "country": "CA", "zip": "K6V7B1", "shipping_name": "", "shipping_street_address": "", "shipping_apartment_address": "", "shipping_city": "", "shipping_province_or_state": null, "shipping_country": "", "shipping_zip": "", "address_is_same": true, "shipping_amount": 0.0}}, {"model": "dl.checkoutaddress", "pk": 59, "fields": {"user": 1, "billing_name": "Dinky the cat", "phone": "613-555-4321", "street_address": "1197 Cuthbertson Ave.", "apartment_address": "", "city": "Brockville", "province_or_state": 9, "country": "CA", "zip": "K6V7B1", "shipping_name": "", "shipping_street_address": "", "shipping_apartment_address": "", "shipping_city": "", "shipping_province_or_state": null, "shipping_country": "", "shipping_zip": "", "address_is_same": true, "shipping_amount": 0.0}}, {"model": "dl.checkoutaddress", "pk": 60, "fields": {"user": 1, "billing_name": "Dinky the cat", "phone": "613-555-4321", "street_address": "1197 Cuthbertson Ave.", "apartment_address": "", "city": "Brockville", "province_or_state": 9, "country": "CA", "zip": "K6V7B1", "shipping_name": "", "shipping_street_address": "", "shipping_apartment_address": "", "shipping_city": "", "shipping_province_or_state": null, "shipping_country": "", "shipping_zip": "", "address_is_same": true, "shipping_amount": 0.0}}, {"model": "dl.checkoutaddress", "pk": 61, "fields": {"user": 1, "billing_name": "Dinky the cat", "phone": "613-555-4321", "street_address": "1197 Cuthbertson Ave.", "apartment_address": "", "city": "Brockville", "province_or_state": 9, "country": "CA", "zip": "K6V7B1", "shipping_name": "", "shipping_street_address": "", "shipping_apartment_address": "", "shipping_city": "", "shipping_province_or_state": null, "shipping_country": "", "shipping_zip": "", "address_is_same": true, "shipping_amount": 0.0}}, {"model": "dl.checkoutaddress", "pk": 62, "fields": {"user": 1, "billing_name": "Dinky the cat", "phone": "613-555-4321", "street_address": "1197 Cuthbertson Ave.", "apartment_address": "", "city": "Brockville", "province_or_state": 9, "country": "CA", "zip": "K6V7B1", "shipping_name": "", "shipping_street_address": "", "shipping_apartment_address": "", "shipping_city": "", "shipping_province_or_state": null, "shipping_country": "", "shipping_zip": "", "address_is_same": true, "shipping_amount": 0.0}}, {"model": "dl.checkoutaddress", "pk": 63, "fields": {"user": 1, "billing_name": "Dinky the cat", "phone": "613-555-4321", "street_address": "1197 Cuthbertson Ave.", "apartment_address": "", "city": "Brockville", "province_or_state": 9, "country": "CA", "zip": "K6V7B1", "shipping_name": "", "shipping_street_address": "", "shipping_apartment_address": "", "shipping_city": "", "shipping_province_or_state": null, "shipping_country": "", "shipping_zip": "", "address_is_same": true, "shipping_amount": 0.0}}, {"model": "dl.checkoutaddress", "pk": 64, "fields": {"user": 1, "billing_name": "Dinky the cat", "phone": "613-555-4321", "street_address": "1197 Cuthbertson Ave.", "apartment_address": "", "city": "Brockville", "province_or_state": 9, "country": "CA", "zip": "K6V7B1", "shipping_name": "", "shipping_street_address": "", "shipping_apartment_address": "", "shipping_city": "", "shipping_province_or_state": null, "shipping_country": "", "shipping_zip": "", "address_is_same": true, "shipping_amount": 0.0}}, {"model": "dl.checkoutaddress", "pk": 65, "fields": {"user": 1, "billing_name": "Dinky the cat", "phone": "613-555-4321", "street_address": "1197 Cuthbertson Ave.", "apartment_address": "", "city": "Brockville", "province_or_state": 9, "country": "CA", "zip": "K6V7B1", "shipping_name": "", "shipping_street_address": "", "shipping_apartment_address": "", "shipping_city": "", "shipping_province_or_state": null, "shipping_country": "", "shipping_zip": "", "address_is_same": true, "shipping_amount": 0.0}}, {"model": "dl.checkoutaddress", "pk": 66, "fields": {"user": 1, "billing_name": "Dinky the cat", "phone": "613-555-4321", "street_address": "1197 Cuthbertson Ave.", "apartment_address": "", "city": "Brockville", "province_or_state": 9, "country": "CA", "zip": "K6V7B1", "shipping_name": "", "shipping_street_address": "", "shipping_apartment_address": "", "shipping_city": "", "shipping_province_or_state": null, "shipping_country": "", "shipping_zip": "", "address_is_same": true, "shipping_amount": 0.0}}, {"model": "dl.checkoutaddress", "pk": 67, "fields": {"user": 1, "billing_name": "Dinky the cat", "phone": "613-555-4321", "street_address": "1197 Cuthbertson Ave.", "apartment_address": "", "city": "Brockville", "province_or_state": 9, "country": "CA", "zip": "K6V7B1", "shipping_name": "", "shipping_street_address": "", "shipping_apartment_address": "", "shipping_city": "", "shipping_province_or_state": null, "shipping_country": "", "shipping_zip": "", "address_is_same": true, "shipping_amount": 0.0}}, {"model": "dl.checkoutaddress", "pk": 68, "fields": {"user": 1, "billing_name": "Dinky the cat", "phone": "613-555-4321", "street_address": "1197 Cuthbertson Ave.", "apartment_address": "", "city": "Brockville", "province_or_state": 9, "country": "CA", "zip": "K6V7B1", "shipping_name": "", "shipping_street_address": "", "shipping_apartment_address": "", "shipping_city": "", "shipping_province_or_state": null, "shipping_country": "", "shipping_zip": "", "address_is_same": true, "shipping_amount": 0.0}}, {"model": "dl.checkoutaddress", "pk": 69, "fields": {"user": 1, "billing_name": "Dinky the cat", "phone": "613-555-4321", "street_address": "1197 Cuthbertson Ave.", "apartment_address": "", "city": "Brockville", "province_or_state": 9, "country": "CA", "zip": "K6V7B1", "shipping_name": "", "shipping_street_address": "", "shipping_apartment_address": "", "shipping_city": "", "shipping_province_or_state": null, "shipping_country": "", "shipping_zip": "", "address_is_same": true, "shipping_amount": 0.0}}, {"model": "dl.checkoutaddress", "pk": 70, "fields": {"user": 1, "billing_name": "Dinky the cat", "phone": "613-555-4321", "street_address": "1197 Cuthbertson Ave.", "apartment_address": "", "city": "Brockville", "province_or_state": 9, "country": "CA", "zip": "K6V7B1", "shipping_name": "", "shipping_street_address": "", "shipping_apartment_address": "", "shipping_city": "", "shipping_province_or_state": null, "shipping_country": "", "shipping_zip": "", "address_is_same": true, "shipping_amount": 0.0}}, {"model": "dl.checkoutaddress", "pk": 71, "fields": {"user": 3, "billing_name": "Mary Ferguson", "phone": "613-278-0390", "street_address": "678 2nd Con. N. Sherbrooke", "apartment_address": "", "city": "McDonalds Corners", "province_or_state": 9, "country": "CA", "zip": "K6V7B1", "shipping_name": "", "shipping_street_address": "", "shipping_apartment_address": "", "shipping_city": "", "shipping_province_or_state": null, "shipping_country": "", "shipping_zip": "", "address_is_same": true, "shipping_amount": 0.0}}, {"model": "dl.checkoutaddress", "pk": 72, "fields": {"user": 1, "billing_name": "Dinky the cat", "phone": "613-555-4321", "street_address": "1197 Cuthbertson Ave.", "apartment_address": "", "city": "Brockville", "province_or_state": 9, "country": "CA", "zip": "K6V7B1", "shipping_name": "", "shipping_street_address": "", "shipping_apartment_address": "", "shipping_city": "", "shipping_province_or_state": null, "shipping_country": "", "shipping_zip": "", "address_is_same": true, "shipping_amount": 0.0}}, {"model": "dl.checkoutaddress", "pk": 73, "fields": {"user": 1, "billing_name": "Dinky the cat", "phone": "613-555-4321", "street_address": "1197 Cuthbertson Ave.", "apartment_address": "", "city": "Brockville", "province_or_state": 9, "country": "CA", "zip": "K6V7B1", "shipping_name": "", "shipping_street_address": "", "shipping_apartment_address": "", "shipping_city": "", "shipping_province_or_state": null, "shipping_country": "", "shipping_zip": "", "address_is_same": true, "shipping_amount": 0.0}}, {"model": "dl.checkoutaddress", "pk": 74, "fields": {"user": 1, "billing_name": "Dinky the cat", "phone": "613-555-4321", "street_address": "1197 Cuthbertson Ave.", "apartment_address": "", "city": "Brockville", "province_or_state": 9, "country": "CA", "zip": "K6V7B1", "shipping_name": "", "shipping_street_address": "", "shipping_apartment_address": "", "shipping_city": "", "shipping_province_or_state": null, "shipping_country": "", "shipping_zip": "", "address_is_same": true, "shipping_amount": 0.0}}, {"model": "dl.checkoutaddress", "pk": 75, "fields": {"user": 1, "billing_name": "Dinky the cat", "phone": "613-555-4321", "street_address": "1197 Cuthbertson Ave.", "apartment_address": "", "city": "Brockville", "province_or_state": 9, "country": "CA", "zip": "K6V7B1", "shipping_name": "", "shipping_street_address": "", "shipping_apartment_address": "", "shipping_city": "", "shipping_province_or_state": null, "shipping_country": "", "shipping_zip": "", "address_is_same": true, "shipping_amount": 0.0}}, {"model": "dl.checkoutaddress", "pk": 76, "fields": {"user": 1, "billing_name": "Dinky the cat", "phone": "613-555-4321", "street_address": "1197 Cuthbertson Ave.", "apartment_address": "", "city": "Brockville", "province_or_state": 9, "country": "CA", "zip": "K6V7B1", "shipping_name": "", "shipping_street_address": "", "shipping_apartment_address": "", "shipping_city": "", "shipping_province_or_state": null, "shipping_country": "", "shipping_zip": "", "address_is_same": true, "shipping_amount": 0.0}}, {"model": "dl.checkoutaddress", "pk": 77, "fields": {"user": 1, "billing_name": "Dinky the cat", "phone": "613-555-4321", "street_address": "1197 Cuthbertson Ave.", "apartment_address": "", "city": "Brockville", "province_or_state": 9, "country": "CA", "zip": "K6V7B1", "shipping_name": "", "shipping_street_address": "", "shipping_apartment_address": "", "shipping_city": "", "shipping_province_or_state": null, "shipping_country": "", "shipping_zip": "", "address_is_same": true, "shipping_amount": 0.0}}, {"model": "dl.checkoutaddress", "pk": 78, "fields": {"user": 1, "billing_name": "Dinky the cat", "phone": "613-555-4321", "street_address": "1197 Cuthbertson Ave.", "apartment_address": "", "city": "Brockville", "province_or_state": 9, "country": "CA", "zip": "K6V7B1", "shipping_name": "", "shipping_street_address": "", "shipping_apartment_address": "", "shipping_city": "", "shipping_province_or_state": null, "shipping_country": "", "shipping_zip": "", "address_is_same": true, "shipping_amount": 0.0}}, {"model": "dl.checkoutaddress", "pk": 79, "fields": {"user": 1, "billing_name": "Dinky the cat", "phone": "613-555-4321", "street_address": "1197 Cuthbertson Ave.", "apartment_address": "", "city": "Brockville", "province_or_state": 9, "country": "CA", "zip": "K6V7B1", "shipping_name": "", "shipping_street_address": "", "shipping_apartment_address": "", "shipping_city": "", "shipping_province_or_state": null, "shipping_country": "", "shipping_zip": "", "address_is_same": true, "shipping_amount": 0.0}}, {"model": "dl.checkoutaddress", "pk": 80, "fields": {"user": 1, "billing_name": "Dinky the cat", "phone": "613-555-4321", "street_address": "1197 Cuthbertson Ave.", "apartment_address": "", "city": "Brockville", "province_or_state": 9, "country": "CA", "zip": "K6V7B1", "shipping_name": "", "shipping_street_address": "", "shipping_apartment_address": "", "shipping_city": "", "shipping_province_or_state": null, "shipping_country": "", "shipping_zip": "", "address_is_same": true, "shipping_amount": 0.0}}, {"model": "dl.checkoutaddress", "pk": 81, "fields": {"user": 1, "billing_name": "Dinky the cat", "phone": "613-555-4321", "street_address": "1197 Cuthbertson Ave.", "apartment_address": "", "city": "Brockville", "province_or_state": 9, "country": "CA", "zip": "K6V7B1", "shipping_name": "", "shipping_street_address": "", "shipping_apartment_address": "", "shipping_city": "", "shipping_province_or_state": null, "shipping_country": "", "shipping_zip": "", "address_is_same": true, "shipping_amount": 0.0}}, {"model": "dl.checkoutaddress", "pk": 82, "fields": {"user": 1, "billing_name": "Dinky the cat", "phone": "613-555-4321", "street_address": "1197 Cuthbertson Ave.", "apartment_address": "", "city": "Brockville", "province_or_state": 9, "country": "CA", "zip": "K6V7B1", "shipping_name": "", "shipping_street_address": "", "shipping_apartment_address": "", "shipping_city": "", "shipping_province_or_state": null, "shipping_country": "", "shipping_zip": "", "address_is_same": true, "shipping_amount": 0.0}}, {"model": "dl.checkoutaddress", "pk": 83, "fields": {"user": 1, "billing_name": "Dinky the cat", "phone": "613-555-4321", "street_address": "1197 Cuthbertson Ave.", "apartment_address": "", "city": "Brockville", "province_or_state": 9, "country": "CA", "zip": "K6V7B1", "shipping_name": "", "shipping_street_address": "", "shipping_apartment_address": "", "shipping_city": "", "shipping_province_or_state": null, "shipping_country": "", "shipping_zip": "", "address_is_same": true, "shipping_amount": 0.0}}, {"model": "dl.item", "pk": 1, "fields": {"item_name": "2' x 2' Canvas Print", "price": 1.0, "discount_price": null, "description": "Oh hai!", "image": 12, "owner": 1, "taxable": false}}, {"model": "dl.item", "pk": 2, "fields": {"item_name": "3x3 Alligator canvas print", "price": 1.0, "discount_price": null, "description": "Oh hai!", "image": 11, "owner": 1, "taxable": false}}, {"model": "dl.orderitem", "pk": 1, "fields": {"user": 1, "ordered": true, "item": 1, "quantity": 1}}, {"model": "dl.orderitem", "pk": 2, "fields": {"user": 1, "ordered": true, "item": 1, "quantity": 1}}, {"model": "dl.orderitem", "pk": 3, "fields": {"user": 1, "ordered": true, "item": 1, "quantity": 1}}, {"model": "dl.orderitem", "pk": 4, "fields": {"user": 1, "ordered": true, "item": 1, "quantity": 1}}, {"model": "dl.orderitem", "pk": 5, "fields": {"user": 2, "ordered": true, "item": 1, "quantity": 1}}, {"model": "dl.orderitem", "pk": 6, "fields": {"user": 3, "ordered": true, "item": 1, "quantity": 1}}, {"model": "dl.orderitem", "pk": 7, "fields": {"user": 3, "ordered": true, "item": 1, "quantity": 1}}, {"model": "dl.orderitem", "pk": 8, "fields": {"user": 2, "ordered": false, "item": 1, "quantity": 3}}, {"model": "dl.orderitem", "pk": 9, "fields": {"user": 1, "ordered": true, "item": 1, "quantity": 1}}, {"model": "dl.orderitem", "pk": 10, "fields": {"user": 1, "ordered": true, "item": 1, "quantity": 1}}, {"model": "dl.orderitem", "pk": 11, "fields": {"user": 3, "ordered": true, "item": 1, "quantity": 1}}, {"model": "dl.orderitem", "pk": 12, "fields": {"user": 1, "ordered": true, "item": 1, "quantity": 1}}, {"model": "dl.orderitem", "pk": 13, "fields": {"user": 1, "ordered": true, "item": 1, "quantity": 1}}, {"model": "dl.orderitem", "pk": 14, "fields": {"user": 1, "ordered": true, "item": 1, "quantity": 1}}, {"model": "dl.orderitem", "pk": 15, "fields": {"user": 1, "ordered": true, "item": 1, "quantity": 1}}, {"model": "dl.orderitem", "pk": 16, "fields": {"user": 1, "ordered": true, "item": 1, "quantity": 1}}, {"model": "dl.orderitem", "pk": 17, "fields": {"user": 1, "ordered": true, "item": 1, "quantity": 1}}, {"model": "dl.orderitem", "pk": 18, "fields": {"user": 1, "ordered": true, "item": 1, "quantity": 1}}, {"model": "dl.orderitem", "pk": 19, "fields": {"user": 1, "ordered": true, "item": 1, "quantity": 1}}, {"model": "dl.orderitem", "pk": 20, "fields": {"user": 1, "ordered": true, "item": 1, "quantity": 1}}, {"model": "dl.orderitem", "pk": 21, "fields": {"user": 1, "ordered": true, "item": 1, "quantity": 1}}, {"model": "dl.orderitem", "pk": 22, "fields": {"user": 1, "ordered": true, "item": 1, "quantity": 1}}, {"model": "dl.orderitem", "pk": 23, "fields": {"user": 1, "ordered": true, "item": 1, "quantity": 1}}, {"model": "dl.orderitem", "pk": 24, "fields": {"user": 1, "ordered": true, "item": 1, "quantity": 1}}, {"model": "dl.orderitem", "pk": 25, "fields": {"user": 1, "ordered": true, "item": 1, "quantity": 1}}, {"model": "dl.orderitem", "pk": 26, "fields": {"user": 1, "ordered": true, "item": 1, "quantity": 1}}, {"model": "dl.orderitem", "pk": 27, "fields": {"user": 1, "ordered": true, "item": 1, "quantity": 1}}, {"model": "dl.orderitem", "pk": 28, "fields": {"user": 1, "ordered": true, "item": 1, "quantity": 1}}, {"model": "dl.orderitem", "pk": 29, "fields": {"user": 1, "ordered": true, "item": 1, "quantity": 1}}, {"model": "dl.orderitem", "pk": 30, "fields": {"user": 1, "ordered": true, "item": 1, "quantity": 1}}, {"model": "dl.orderitem", "pk": 31, "fields": {"user": 1, "ordered": true, "item": 1, "quantity": 1}}, {"model": "dl.orderitem", "pk": 32, "fields": {"user": 1, "ordered": true, "item": 1, "quantity": 1}}, {"model": "dl.orderitem", "pk": 33, "fields": {"user": 1, "ordered": true, "item": 1, "quantity": 1}}, {"model": "dl.orderitem", "pk": 34, "fields": {"user": 1, "ordered": true, "item": 1, "quantity": 1}}, {"model": "dl.orderitem", "pk": 35, "fields": {"user": 1, "ordered": true, "item": 1, "quantity": 3}}, {"model": "dl.orderitem", "pk": 36, "fields": {"user": 1, "ordered": true, "item": 1, "quantity": 4}}, {"model": "dl.orderitem", "pk": 37, "fields": {"user": 1, "ordered": true, "item": 1, "quantity": 1}}, {"model": "dl.orderitem", "pk": 38, "fields": {"user": 1, "ordered": true, "item": 1, "quantity": 1}}, {"model": "dl.orderitem", "pk": 39, "fields": {"user": 1, "ordered": true, "item": 1, "quantity": 1}}, {"model": "dl.orderitem", "pk": 40, "fields": {"user": 1, "ordered": true, "item": 1, "quantity": 4}}, {"model": "dl.orderitem", "pk": 41, "fields": {"user": 1, "ordered": true, "item": 1, "quantity": 1}}, {"model": "dl.orderitem", "pk": 42, "fields": {"user": 1, "ordered": true, "item": 1, "quantity": 1}}, {"model": "dl.orderitem", "pk": 43, "fields": {"user": 1, "ordered": true, "item": 1, "quantity": 3}}, {"model": "dl.orderitem", "pk": 44, "fields": {"user": 1, "ordered": true, "item": 1, "quantity": 1}}, {"model": "dl.orderitem", "pk": 45, "fields": {"user": 1, "ordered": true, "item": 1, "quantity": 1}}, {"model": "dl.orderitem", "pk": 46, "fields": {"user": 1, "ordered": true, "item": 1, "quantity": 1}}, {"model": "dl.orderitem", "pk": 47, "fields": {"user": 1, "ordered": true, "item": 1, "quantity": 1}}, {"model": "dl.orderitem", "pk": 48, "fields": {"user": 1, "ordered": true, "item": 1, "quantity": 1}}, {"model": "dl.orderitem", "pk": 49, "fields": {"user": 1, "ordered": true, "item": 1, "quantity": 1}}, {"model": "dl.orderitem", "pk": 50, "fields": {"user": 1, "ordered": true, "item": 1, "quantity": 1}}, {"model": "dl.orderitem", "pk": 51, "fields": {"user": 1, "ordered": true, "item": 1, "quantity": 4}}, {"model": "dl.orderitem", "pk": 52, "fields": {"user": 3, "ordered": true, "item": 1, "quantity": 1}}, {"model": "dl.orderitem", "pk": 53, "fields": {"user": 1, "ordered": true, "item": 1, "quantity": 1}}, {"model": "dl.orderitem", "pk": 54, "fields": {"user": 1, "ordered": true, "item": 1, "quantity": 1}}, {"model": "dl.orderitem", "pk": 55, "fields": {"user": 1, "ordered": true, "item": 1, "quantity": 1}}, {"model": "dl.orderitem", "pk": 56, "fields": {"user": 1, "ordered": true, "item": 1, "quantity": 1}}, {"model": "dl.orderitem", "pk": 57, "fields": {"user": 1, "ordered": true, "item": 1, "quantity": 1}}, {"model": "dl.orderitem", "pk": 58, "fields": {"user": 1, "ordered": true, "item": 2, "quantity": 1}}, {"model": "dl.orderitem", "pk": 59, "fields": {"user": 1, "ordered": true, "item": 2, "quantity": 1}}, {"model": "dl.orderitem", "pk": 60, "fields": {"user": 1, "ordered": true, "item": 1, "quantity": 1}}, {"model": "dl.orderitem", "pk": 61, "fields": {"user": 1, "ordered": true, "item": 1, "quantity": 1}}, {"model": "dl.order", "pk": 1, "fields": {"user": 1, "start_date": "2021-04-29T18:40:13.993Z", "ordered_date": "2021-04-29T18:40:13.992Z", "ordered": true, "checkout_address": 2, "payment": 1, "shipping_amount": null, "tax_rate": 0.13, "tax_amount": 0.13, "subtotal": 1.0, "items": [1]}}, {"model": "dl.order", "pk": 2, "fields": {"user": 1, "start_date": "2021-04-29T18:45:02.915Z", "ordered_date": "2021-04-29T18:45:02.913Z", "ordered": true, "checkout_address": 4, "payment": 2, "shipping_amount": 0.0, "tax_rate": 0.13, "tax_amount": 0.13, "subtotal": 1.0, "items": [2]}}, {"model": "dl.order", "pk": 3, "fields": {"user": 1, "start_date": "2021-04-29T18:47:28.281Z", "ordered_date": "2021-04-29T18:47:28.281Z", "ordered": true, "checkout_address": 5, "payment": 3, "shipping_amount": 5.0, "tax_rate": 0.13, "tax_amount": 0.13, "subtotal": 1.0, "items": [3]}}, {"model": "dl.order", "pk": 4, "fields": {"user": 1, "start_date": "2021-04-29T18:51:44.029Z", "ordered_date": "2021-04-29T18:51:44.028Z", "ordered": true, "checkout_address": 6, "payment": 4, "shipping_amount": 12.0, "tax_rate": 0.13, "tax_amount": 0.13, "subtotal": 1.0, "items": [4]}}, {"model": "dl.order", "pk": 5, "fields": {"user": 2, "start_date": "2021-04-29T18:54:47.894Z", "ordered_date": "2021-04-29T18:54:47.894Z", "ordered": true, "checkout_address": 7, "payment": 5, "shipping_amount": 0.0, "tax_rate": 0.13, "tax_amount": 0.13, "subtotal": 1.0, "items": [5]}}, {"model": "dl.order", "pk": 6, "fields": {"user": 3, "start_date": "2021-04-29T18:57:46.900Z", "ordered_date": "2021-04-29T18:57:46.899Z", "ordered": true, "checkout_address": 8, "payment": 6, "shipping_amount": 12.0, "tax_rate": 0.13, "tax_amount": 0.13, "subtotal": 1.0, "items": [6]}}, {"model": "dl.order", "pk": 7, "fields": {"user": 3, "start_date": "2021-04-29T19:03:17.433Z", "ordered_date": "2021-04-29T19:03:17.432Z", "ordered": true, "checkout_address": 9, "payment": 7, "shipping_amount": 5.0, "tax_rate": 0.13, "tax_amount": 0.78, "subtotal": 1.0, "items": [7]}}, {"model": "dl.order", "pk": 8, "fields": {"user": 2, "start_date": "2021-04-29T19:14:48.768Z", "ordered_date": "2021-04-29T19:14:48.766Z", "ordered": false, "checkout_address": 37, "payment": null, "shipping_amount": 0.0, "tax_rate": 0.13, "tax_amount": 0.39, "subtotal": 3.0, "items": [8]}}, {"model": "dl.order", "pk": 9, "fields": {"user": 1, "start_date": "2021-04-29T19:18:52.507Z", "ordered_date": "2021-04-29T19:18:52.507Z", "ordered": true, "checkout_address": 10, "payment": 8, "shipping_amount": 13.0, "tax_rate": 0.12, "tax_amount": 1.68, "subtotal": 1.0, "items": [9]}}, {"model": "dl.order", "pk": 10, "fields": {"user": 1, "start_date": "2021-04-29T19:21:53.183Z", "ordered_date": "2021-04-29T19:21:53.182Z", "ordered": true, "checkout_address": 11, "payment": 9, "shipping_amount": 13.0, "tax_rate": 0.13, "tax_amount": 1.82, "subtotal": 1.0, "items": [10]}}, {"model": "dl.order", "pk": 11, "fields": {"user": 3, "start_date": "2021-04-29T19:40:53.225Z", "ordered_date": "2021-04-29T19:40:53.224Z", "ordered": true, "checkout_address": 12, "payment": 10, "shipping_amount": 1.0, "tax_rate": 0.13, "tax_amount": 0.26, "subtotal": 1.0, "items": [11]}}, {"model": "dl.order", "pk": 12, "fields": {"user": 1, "start_date": "2021-04-30T01:01:58.132Z", "ordered_date": "2021-04-30T01:01:58.131Z", "ordered": true, "checkout_address": 13, "payment": 11, "shipping_amount": 0.0, "tax_rate": 0.0, "tax_amount": 0.0, "subtotal": 1.0, "items": [12]}}, {"model": "dl.order", "pk": 13, "fields": {"user": 1, "start_date": "2021-04-30T01:03:29.306Z", "ordered_date": "2021-04-30T01:03:29.305Z", "ordered": true, "checkout_address": 14, "payment": 12, "shipping_amount": 0.0, "tax_rate": 0.0, "tax_amount": 0.0, "subtotal": 1.0, "items": [13]}}, {"model": "dl.order", "pk": 14, "fields": {"user": 1, "start_date": "2021-04-30T01:09:13.287Z", "ordered_date": "2021-04-30T01:09:13.287Z", "ordered": true, "checkout_address": 15, "payment": 13, "shipping_amount": 0.0, "tax_rate": 0.15, "tax_amount": 0.15, "subtotal": 1.0, "items": [14]}}, {"model": "dl.order", "pk": 15, "fields": {"user": 1, "start_date": "2021-05-01T20:00:05.582Z", "ordered_date": "2021-05-01T20:00:05.581Z", "ordered": true, "checkout_address": 16, "payment": 14, "shipping_amount": 0.0, "tax_rate": 0.0, "tax_amount": 0.0, "subtotal": 1.0, "items": [15]}}, {"model": "dl.order", "pk": 16, "fields": {"user": 1, "start_date": "2021-05-01T21:28:21.530Z", "ordered_date": "2021-05-01T21:28:21.529Z", "ordered": true, "checkout_address": 17, "payment": 15, "shipping_amount": 14.0, "tax_rate": 0.0, "tax_amount": 0.0, "subtotal": 1.0, "items": [16]}}, {"model": "dl.order", "pk": 17, "fields": {"user": 1, "start_date": "2021-05-01T22:15:30.070Z", "ordered_date": "2021-05-01T22:15:30.069Z", "ordered": true, "checkout_address": 18, "payment": 16, "shipping_amount": 0.0, "tax_rate": 0.0, "tax_amount": 0.0, "subtotal": 1.0, "items": [17]}}, {"model": "dl.order", "pk": 18, "fields": {"user": 1, "start_date": "2021-05-01T22:20:09.014Z", "ordered_date": "2021-05-01T22:20:09.014Z", "ordered": true, "checkout_address": 23, "payment": 17, "shipping_amount": 0.0, "tax_rate": 0.0, "tax_amount": 0.0, "subtotal": 1.0, "items": [18]}}, {"model": "dl.order", "pk": 19, "fields": {"user": 1, "start_date": "2021-05-01T22:33:14.906Z", "ordered_date": "2021-05-01T22:33:14.905Z", "ordered": true, "checkout_address": 24, "payment": 18, "shipping_amount": 0.0, "tax_rate": 0.13, "tax_amount": 0.13, "subtotal": 1.0, "items": [19]}}, {"model": "dl.order", "pk": 20, "fields": {"user": 1, "start_date": "2021-05-01T22:42:13.370Z", "ordered_date": "2021-05-01T22:42:13.369Z", "ordered": true, "checkout_address": 26, "payment": 19, "shipping_amount": 0.0, "tax_rate": 0.13, "tax_amount": 0.13, "subtotal": 1.0, "items": [20]}}, {"model": "dl.order", "pk": 21, "fields": {"user": 1, "start_date": "2021-05-01T22:50:48.199Z", "ordered_date": "2021-05-01T22:50:48.199Z", "ordered": true, "checkout_address": 27, "payment": 20, "shipping_amount": 0.0, "tax_rate": 0.13, "tax_amount": 0.13, "subtotal": 1.0, "items": [21]}}, {"model": "dl.order", "pk": 22, "fields": {"user": 1, "start_date": "2021-05-01T22:55:31.175Z", "ordered_date": "2021-05-01T22:55:31.175Z", "ordered": true, "checkout_address": 28, "payment": 21, "shipping_amount": 0.0, "tax_rate": 0.0, "tax_amount": 0.0, "subtotal": 1.0, "items": [22]}}, {"model": "dl.order", "pk": 23, "fields": {"user": 1, "start_date": "2021-05-01T22:56:48.788Z", "ordered_date": "2021-05-01T22:56:48.788Z", "ordered": true, "checkout_address": 39, "payment": 22, "shipping_amount": 0.0, "tax_rate": 0.13, "tax_amount": 0.13, "subtotal": 1.0, "items": [23]}}, {"model": "dl.order", "pk": 24, "fields": {"user": 1, "start_date": "2021-05-02T20:13:20.533Z", "ordered_date": "2021-05-02T20:13:20.532Z", "ordered": true, "checkout_address": 41, "payment": 23, "shipping_amount": 0.0, "tax_rate": 0.13, "tax_amount": 0.13, "subtotal": 1.0, "items": [24]}}, {"model": "dl.order", "pk": 25, "fields": {"user": 1, "start_date": "2021-05-02T20:18:34.398Z", "ordered_date": "2021-05-02T20:18:34.398Z", "ordered": true, "checkout_address": 42, "payment": 24, "shipping_amount": 0.0, "tax_rate": 0.13, "tax_amount": 0.13, "subtotal": 1.0, "items": [25]}}, {"model": "dl.order", "pk": 26, "fields": {"user": 1, "start_date": "2021-05-02T20:25:11.536Z", "ordered_date": "2021-05-02T20:25:11.535Z", "ordered": true, "checkout_address": 43, "payment": 25, "shipping_amount": 0.0, "tax_rate": 0.13, "tax_amount": 0.13, "subtotal": 1.0, "items": [26]}}, {"model": "dl.order", "pk": 27, "fields": {"user": 1, "start_date": "2021-05-02T20:31:01.117Z", "ordered_date": "2021-05-02T20:31:01.116Z", "ordered": true, "checkout_address": 44, "payment": 26, "shipping_amount": 0.0, "tax_rate": 0.13, "tax_amount": 0.13, "subtotal": 1.0, "items": [27]}}, {"model": "dl.order", "pk": 28, "fields": {"user": 1, "start_date": "2021-05-02T20:34:18.775Z", "ordered_date": "2021-05-02T20:34:18.774Z", "ordered": true, "checkout_address": 45, "payment": 27, "shipping_amount": 0.0, "tax_rate": 0.13, "tax_amount": 0.13, "subtotal": 1.0, "items": [28]}}, {"model": "dl.order", "pk": 29, "fields": {"user": 1, "start_date": "2021-05-02T20:39:45.911Z", "ordered_date": "2021-05-02T20:39:45.910Z", "ordered": true, "checkout_address": 46, "payment": 28, "shipping_amount": 0.0, "tax_rate": 0.13, "tax_amount": 0.13, "subtotal": 1.0, "items": [29]}}, {"model": "dl.order", "pk": 30, "fields": {"user": 1, "start_date": "2021-05-02T20:41:18.899Z", "ordered_date": "2021-05-02T20:41:18.899Z", "ordered": true, "checkout_address": 47, "payment": 29, "shipping_amount": 0.0, "tax_rate": 0.13, "tax_amount": 0.13, "subtotal": 1.0, "items": [30]}}, {"model": "dl.order", "pk": 31, "fields": {"user": 1, "start_date": "2021-05-02T20:43:12.130Z", "ordered_date": "2021-05-02T20:43:12.129Z", "ordered": true, "checkout_address": 48, "payment": 30, "shipping_amount": 0.0, "tax_rate": 0.13, "tax_amount": 0.13, "subtotal": 1.0, "items": [31]}}, {"model": "dl.order", "pk": 32, "fields": {"user": 1, "start_date": "2021-05-02T20:51:02.347Z", "ordered_date": "2021-05-02T20:51:02.346Z", "ordered": true, "checkout_address": 49, "payment": 31, "shipping_amount": 0.0, "tax_rate": 0.13, "tax_amount": 0.13, "subtotal": 1.0, "items": [32]}}, {"model": "dl.order", "pk": 33, "fields": {"user": 1, "start_date": "2021-05-02T20:53:14.197Z", "ordered_date": "2021-05-02T20:53:14.196Z", "ordered": true, "checkout_address": 50, "payment": 32, "shipping_amount": 0.0, "tax_rate": 0.13, "tax_amount": 0.13, "subtotal": 1.0, "items": [33]}}, {"model": "dl.order", "pk": 34, "fields": {"user": 1, "start_date": "2021-05-02T20:57:58.380Z", "ordered_date": "2021-05-02T20:57:58.380Z", "ordered": true, "checkout_address": 51, "payment": 33, "shipping_amount": 0.0, "tax_rate": 0.13, "tax_amount": 0.13, "subtotal": 1.0, "items": [34]}}, {"model": "dl.order", "pk": 35, "fields": {"user": 1, "start_date": "2021-05-02T21:00:18.319Z", "ordered_date": "2021-05-02T21:00:18.318Z", "ordered": true, "checkout_address": 53, "payment": 34, "shipping_amount": 0.0, "tax_rate": 0.13, "tax_amount": 0.39, "subtotal": 3.0, "items": [35]}}, {"model": "dl.order", "pk": 36, "fields": {"user": 1, "start_date": "2021-05-02T21:09:22.459Z", "ordered_date": "2021-05-02T21:09:22.459Z", "ordered": true, "checkout_address": 54, "payment": 35, "shipping_amount": 0.0, "tax_rate": 0.13, "tax_amount": 0.52, "subtotal": 4.0, "items": [36]}}, {"model": "dl.order", "pk": 37, "fields": {"user": 1, "start_date": "2021-05-02T21:14:00.158Z", "ordered_date": "2021-05-02T21:14:00.158Z", "ordered": true, "checkout_address": 55, "payment": 36, "shipping_amount": 0.0, "tax_rate": 0.13, "tax_amount": 0.13, "subtotal": 1.0, "items": [37]}}, {"model": "dl.order", "pk": 38, "fields": {"user": 1, "start_date": "2021-05-02T21:15:12.605Z", "ordered_date": "2021-05-02T21:15:12.605Z", "ordered": true, "checkout_address": 56, "payment": 37, "shipping_amount": 5.0, "tax_rate": 0.13, "tax_amount": 0.78, "subtotal": 1.0, "items": [38]}}, {"model": "dl.order", "pk": 39, "fields": {"user": 1, "start_date": "2021-05-02T21:17:51.465Z", "ordered_date": "2021-05-02T21:17:51.464Z", "ordered": true, "checkout_address": 57, "payment": 38, "shipping_amount": 0.0, "tax_rate": 0.0, "tax_amount": 0.0, "subtotal": 1.0, "items": [39]}}, {"model": "dl.order", "pk": 40, "fields": {"user": 1, "start_date": "2021-05-02T21:21:20.738Z", "ordered_date": "2021-05-02T21:21:20.737Z", "ordered": true, "checkout_address": 58, "payment": 39, "shipping_amount": 0.0, "tax_rate": 0.0, "tax_amount": 0.0, "subtotal": 4.0, "items": [40]}}, {"model": "dl.order", "pk": 41, "fields": {"user": 1, "start_date": "2021-05-02T21:33:08.998Z", "ordered_date": "2021-05-02T21:33:08.997Z", "ordered": true, "checkout_address": 59, "payment": 40, "shipping_amount": 0.0, "tax_rate": 0.0, "tax_amount": 0.0, "subtotal": 1.0, "items": [41]}}, {"model": "dl.order", "pk": 42, "fields": {"user": 1, "start_date": "2021-05-02T21:37:10.232Z", "ordered_date": "2021-05-02T21:37:10.231Z", "ordered": true, "checkout_address": 60, "payment": 41, "shipping_amount": 0.0, "tax_rate": 0.0, "tax_amount": 0.0, "subtotal": 1.0, "items": [42]}}, {"model": "dl.order", "pk": 43, "fields": {"user": 1, "start_date": "2021-05-02T21:38:40.904Z", "ordered_date": "2021-05-02T21:38:40.903Z", "ordered": true, "checkout_address": 61, "payment": 42, "shipping_amount": 0.0, "tax_rate": 0.0, "tax_amount": 0.0, "subtotal": 3.0, "items": [43]}}, {"model": "dl.order", "pk": 44, "fields": {"user": 1, "start_date": "2021-05-02T21:40:33.536Z", "ordered_date": "2021-05-02T21:40:33.536Z", "ordered": true, "checkout_address": 62, "payment": 43, "shipping_amount": 0.0, "tax_rate": 0.0, "tax_amount": 0.0, "subtotal": 1.0, "items": [44]}}, {"model": "dl.order", "pk": 45, "fields": {"user": 1, "start_date": "2021-05-02T21:41:25.668Z", "ordered_date": "2021-05-02T21:41:25.667Z", "ordered": true, "checkout_address": 63, "payment": 44, "shipping_amount": 0.0, "tax_rate": 0.0, "tax_amount": 0.0, "subtotal": 1.0, "items": [45]}}, {"model": "dl.order", "pk": 46, "fields": {"user": 1, "start_date": "2021-05-02T21:43:16.070Z", "ordered_date": "2021-05-02T21:43:16.070Z", "ordered": true, "checkout_address": 64, "payment": 45, "shipping_amount": 0.0, "tax_rate": 0.0, "tax_amount": 0.0, "subtotal": 1.0, "items": [46]}}, {"model": "dl.order", "pk": 47, "fields": {"user": 1, "start_date": "2021-05-02T21:44:45.113Z", "ordered_date": "2021-05-02T21:44:45.112Z", "ordered": true, "checkout_address": 65, "payment": 46, "shipping_amount": 0.0, "tax_rate": 0.0, "tax_amount": 0.0, "subtotal": 1.0, "items": [47]}}, {"model": "dl.order", "pk": 48, "fields": {"user": 1, "start_date": "2021-05-02T21:47:13.524Z", "ordered_date": "2021-05-02T21:47:13.524Z", "ordered": true, "checkout_address": 66, "payment": 47, "shipping_amount": 0.0, "tax_rate": 0.0, "tax_amount": 0.0, "subtotal": 1.0, "items": [48]}}, {"model": "dl.order", "pk": 49, "fields": {"user": 1, "start_date": "2021-05-02T21:56:53.776Z", "ordered_date": "2021-05-02T21:56:53.775Z", "ordered": true, "checkout_address": 67, "payment": 48, "shipping_amount": 0.0, "tax_rate": 0.0, "tax_amount": 0.0, "subtotal": 1.0, "items": [49]}}, {"model": "dl.order", "pk": 50, "fields": {"user": 1, "start_date": "2021-05-02T21:58:15.233Z", "ordered_date": "2021-05-02T21:58:15.232Z", "ordered": true, "checkout_address": 68, "payment": 49, "shipping_amount": 0.0, "tax_rate": 0.0, "tax_amount": 0.0, "subtotal": 1.0, "items": [50]}}, {"model": "dl.order", "pk": 51, "fields": {"user": 1, "start_date": "2021-05-02T22:05:31.228Z", "ordered_date": "2021-05-02T22:05:31.227Z", "ordered": true, "checkout_address": 70, "payment": 50, "shipping_amount": 0.0, "tax_rate": 0.0, "tax_amount": 0.0, "subtotal": 4.0, "items": [51]}}, {"model": "dl.order", "pk": 52, "fields": {"user": 3, "start_date": "2021-05-02T22:48:58.600Z", "ordered_date": "2021-05-02T22:48:58.600Z", "ordered": true, "checkout_address": 71, "payment": 51, "shipping_amount": 0.0, "tax_rate": 0.0, "tax_amount": 0.0, "subtotal": 1.0, "items": [52]}}, {"model": "dl.order", "pk": 53, "fields": {"user": 1, "start_date": "2021-05-03T00:13:41.778Z", "ordered_date": "2021-05-03T00:13:41.777Z", "ordered": true, "checkout_address": 76, "payment": 52, "shipping_amount": 0.0, "tax_rate": 0.0, "tax_amount": 0.0, "subtotal": 1.0, "items": [53]}}, {"model": "dl.order", "pk": 54, "fields": {"user": 1, "start_date": "2021-05-03T16:53:15.056Z", "ordered_date": "2021-05-03T16:53:15.056Z", "ordered": true, "checkout_address": 77, "payment": 53, "shipping_amount": 0.0, "tax_rate": 0.0, "tax_amount": 0.0, "subtotal": 1.0, "items": [54]}}, {"model": "dl.order", "pk": 55, "fields": {"user": 1, "start_date": "2021-05-04T16:11:59.645Z", "ordered_date": "2021-05-04T16:11:59.643Z", "ordered": true, "checkout_address": 78, "payment": 54, "shipping_amount": 1.5, "tax_rate": 0.0, "tax_amount": 0.0, "subtotal": 1.0, "items": [55]}}, {"model": "dl.order", "pk": 56, "fields": {"user": 1, "start_date": "2021-05-04T16:26:34.626Z", "ordered_date": "2021-05-04T16:26:34.626Z", "ordered": true, "checkout_address": 79, "payment": 55, "shipping_amount": 0.0, "tax_rate": 0.0, "tax_amount": 0.0, "subtotal": 1.0, "items": [56]}}, {"model": "dl.order", "pk": 57, "fields": {"user": 1, "start_date": "2021-05-04T16:35:03.369Z", "ordered_date": "2021-05-04T16:35:03.368Z", "ordered": true, "checkout_address": 80, "payment": 56, "shipping_amount": 1.33, "tax_rate": 0.0, "tax_amount": 0.0, "subtotal": 1.0, "items": [57]}}, {"model": "dl.order", "pk": 58, "fields": {"user": 1, "start_date": "2021-05-06T01:27:52.024Z", "ordered_date": "2021-05-06T01:27:52.024Z", "ordered": true, "checkout_address": 81, "payment": 57, "shipping_amount": 2.0, "tax_rate": 0.0, "tax_amount": 0.0, "subtotal": 1.0, "items": [58]}}, {"model": "dl.order", "pk": 59, "fields": {"user": 1, "start_date": "2021-05-06T03:06:13.513Z", "ordered_date": "2021-05-06T03:06:13.512Z", "ordered": true, "checkout_address": 82, "payment": 58, "shipping_amount": 4.0, "tax_rate": 0.0, "tax_amount": 0.0, "subtotal": 2.0, "items": [59, 60]}}, {"model": "dl.order", "pk": 60, "fields": {"user": 1, "start_date": "2021-05-06T03:07:36.993Z", "ordered_date": "2021-05-06T03:07:36.993Z", "ordered": true, "checkout_address": 83, "payment": 59, "shipping_amount": 0.0, "tax_rate": 0.0, "tax_amount": 0.0, "subtotal": 1.0, "items": [61]}}, {"model": "dl.payment", "pk": 1, "fields": {"payment_id": "ch_1IlepwJ9OrFClkteGLU91ON1", "user": 1, "amount": 1.13, "timestamp": "2021-04-29T18:43:45.053Z", "payment_type": "S"}}, {"model": "dl.payment", "pk": 2, "fields": {"payment_id": "ch_1IletAJ9OrFClktewMvR4EVF", "user": 1, "amount": 1.13, "timestamp": "2021-04-29T18:47:05.728Z", "payment_type": "S"}}, {"model": "dl.payment", "pk": 3, "fields": {"payment_id": "ch_1IleuCJ9OrFClktePPizI3b1", "user": 1, "amount": 6.13, "timestamp": "2021-04-29T18:48:09.427Z", "payment_type": "S"}}, {"model": "dl.payment", "pk": 4, "fields": {"payment_id": "ch_1IleyYJ9OrFClkteBTDmPIay", "user": 1, "amount": 13.129999999999999, "timestamp": "2021-04-29T18:52:39.329Z", "payment_type": "S"}}, {"model": "dl.payment", "pk": 5, "fields": {"payment_id": "ch_1Ilf1XJ9OrFClkteK6JdCdog", "user": 2, "amount": 1.13, "timestamp": "2021-04-29T18:55:44.280Z", "payment_type": "S"}}, {"model": "dl.payment", "pk": 6, "fields": {"payment_id": "ch_1Ilf4xJ9OrFClktezBrXx4Qv", "user": 3, "amount": 13.129999999999999, "timestamp": "2021-04-29T18:59:16.191Z", "payment_type": "S"}}, {"model": "dl.payment", "pk": 7, "fields": {"payment_id": "ch_1Ilf9bJ9OrFClktenHGcIQ10", "user": 3, "amount": 1.78, "timestamp": "2021-04-29T19:04:04.344Z", "payment_type": "S"}}, {"model": "dl.payment", "pk": 8, "fields": {"payment_id": "ch_1IlfOnJ9OrFClkteZ5axt9Z8", "user": 1, "amount": 2.6799999999999997, "timestamp": "2021-04-29T19:19:45.814Z", "payment_type": "S"}}, {"model": "dl.payment", "pk": 9, "fields": {"payment_id": "ch_1IlfRQJ9OrFClktesEnDRpfe", "user": 1, "amount": 15.82, "timestamp": "2021-04-29T19:22:29.513Z", "payment_type": "S"}}, {"model": "dl.payment", "pk": 10, "fields": {"payment_id": "ch_1IlfnsJ9OrFClkteAF7onuqx", "user": 3, "amount": 2.26, "timestamp": "2021-04-29T19:45:40.743Z", "payment_type": "S"}}, {"model": "dl.payment", "pk": 11, "fields": {"payment_id": "ch_1IlkkaJ9OrFClktet2x5GOAE", "user": 1, "amount": 1.0, "timestamp": "2021-04-30T01:02:37.253Z", "payment_type": "S"}}, {"model": "dl.payment", "pk": 12, "fields": {"payment_id": "ch_1IlklwJ9OrFClkte6HGVCsNh", "user": 1, "amount": 1.0, "timestamp": "2021-04-30T01:04:00.939Z", "payment_type": "S"}}, {"model": "dl.payment", "pk": 13, "fields": {"payment_id": "ch_1IlkrPJ9OrFClkted76q8pQ4", "user": 1, "amount": 1.15, "timestamp": "2021-04-30T01:09:40.445Z", "payment_type": "S"}}, {"model": "dl.payment", "pk": 14, "fields": {"payment_id": "ch_1ImQGWJ9OrFClkteviuS9wb4", "user": 1, "amount": 1.0, "timestamp": "2021-05-01T21:22:21.111Z", "payment_type": "S"}}, {"model": "dl.payment", "pk": 15, "fields": {"payment_id": "ch_1ImQVPJ9OrFClktess7fuKb4", "user": 1, "amount": 15.0, "timestamp": "2021-05-01T21:37:43.958Z", "payment_type": "S"}}, {"model": "dl.payment", "pk": 16, "fields": {"payment_id": "ch_1ImR7bJ9OrFClkte6XdU5ZMw", "user": 1, "amount": 1.0, "timestamp": "2021-05-01T22:17:12.137Z", "payment_type": "S"}}, {"model": "dl.payment", "pk": 17, "fields": {"payment_id": "ch_1ImRMSJ9OrFClktehadd6X1R", "user": 1, "amount": 1.0, "timestamp": "2021-05-01T22:32:32.823Z", "payment_type": "S"}}, {"model": "dl.payment", "pk": 18, "fields": {"payment_id": "ch_1ImRNZJ9OrFClkter3Ez50li", "user": 1, "amount": 1.13, "timestamp": "2021-05-01T22:33:42.099Z", "payment_type": "S"}}, {"model": "dl.payment", "pk": 19, "fields": {"payment_id": "ch_1ImRbtJ9OrFClktezA1AsVji", "user": 1, "amount": 1.13, "timestamp": "2021-05-01T22:48:30.476Z", "payment_type": "S"}}, {"model": "dl.payment", "pk": 20, "fields": {"payment_id": "ch_1ImRedJ9OrFClktepL9wbFjH", "user": 1, "amount": 1.13, "timestamp": "2021-05-01T22:51:20.507Z", "payment_type": "S"}}, {"model": "dl.payment", "pk": 21, "fields": {"payment_id": "ch_1ImRjDJ9OrFClkteYYAYkWKT", "user": 1, "amount": 1.0, "timestamp": "2021-05-01T22:56:04.092Z", "payment_type": "S"}}, {"model": "dl.payment", "pk": 22, "fields": {"payment_id": "ch_1ImldoJ9OrFClkteA4maenej", "user": 1, "amount": 1.13, "timestamp": "2021-05-02T20:11:49.203Z", "payment_type": "S"}}, {"model": "dl.payment", "pk": 23, "fields": {"payment_id": "ch_1ImlilJ9OrFClkteG3v1G2to", "user": 1, "amount": 1.13, "timestamp": "2021-05-02T20:16:55.958Z", "payment_type": "S"}}, {"model": "dl.payment", "pk": 24, "fields": {"payment_id": "ch_1ImlklJ9OrFClkteKCDxUS2B", "user": 1, "amount": 1.13, "timestamp": "2021-05-02T20:19:00.197Z", "payment_type": "S"}}, {"model": "dl.payment", "pk": 25, "fields": {"payment_id": "ch_1ImlrCJ9OrFClktepdPVRaaH", "user": 1, "amount": 1.13, "timestamp": "2021-05-02T20:25:39.502Z", "payment_type": "S"}}, {"model": "dl.payment", "pk": 26, "fields": {"payment_id": "ch_1ImlwtJ9OrFClkteuGtkPhMn", "user": 1, "amount": 1.13, "timestamp": "2021-05-02T20:31:32.455Z", "payment_type": "S"}}, {"model": "dl.payment", "pk": 27, "fields": {"payment_id": "ch_1ImlzoJ9OrFClkteP1MPzz1b", "user": 1, "amount": 1.13, "timestamp": "2021-05-02T20:34:33.388Z", "payment_type": "S"}}, {"model": "dl.payment", "pk": 28, "fields": {"payment_id": "ch_1Imm5EJ9OrFClkteeoJ6e4Bm", "user": 1, "amount": 1.13, "timestamp": "2021-05-02T20:40:09.103Z", "payment_type": "S"}}, {"model": "dl.payment", "pk": 29, "fields": {"payment_id": "ch_1Imm6cJ9OrFClkteAVDSBjyu", "user": 1, "amount": 1.13, "timestamp": "2021-05-02T20:41:35.328Z", "payment_type": "S"}}, {"model": "dl.payment", "pk": 30, "fields": {"payment_id": "ch_1Imm8SJ9OrFClkte14nfp6u2", "user": 1, "amount": 1.13, "timestamp": "2021-05-02T20:43:28.847Z", "payment_type": "S"}}, {"model": "dl.payment", "pk": 31, "fields": {"payment_id": "ch_1ImmG8J9OrFClkteTw9X2vsK", "user": 1, "amount": 1.13, "timestamp": "2021-05-02T20:51:25.279Z", "payment_type": "S"}}, {"model": "dl.payment", "pk": 32, "fields": {"payment_id": "ch_1ImmIFJ9OrFClktethnRhl0q", "user": 1, "amount": 1.13, "timestamp": "2021-05-02T20:53:36.594Z", "payment_type": "S"}}, {"model": "dl.payment", "pk": 33, "fields": {"payment_id": "ch_1ImmMiJ9OrFClkteP4QiNbsQ", "user": 1, "amount": 1.13, "timestamp": "2021-05-02T20:58:12.770Z", "payment_type": "S"}}, {"model": "dl.payment", "pk": 34, "fields": {"payment_id": "ch_1ImmVWJ9OrFClkteYSmooygz", "user": 1, "amount": 3.39, "timestamp": "2021-05-02T21:07:19.685Z", "payment_type": "S"}}, {"model": "dl.payment", "pk": 35, "fields": {"payment_id": "ch_1ImmY1J9OrFClkteKGjlsaUk", "user": 1, "amount": 4.52, "timestamp": "2021-05-02T21:09:53.756Z", "payment_type": "S"}}, {"model": "dl.payment", "pk": 36, "fields": {"payment_id": "ch_1ImmcNJ9OrFClkteD9PVS7s1", "user": 1, "amount": 1.13, "timestamp": "2021-05-02T21:14:24.317Z", "payment_type": "S"}}, {"model": "dl.payment", "pk": 37, "fields": {"payment_id": "ch_1Imme5J9OrFClkte3jSbfLCi", "user": 1, "amount": 6.78, "timestamp": "2021-05-02T21:16:10.425Z", "payment_type": "S"}}, {"model": "dl.payment", "pk": 38, "fields": {"payment_id": "ch_1Immg0J9OrFClkteSrjt85Qz", "user": 1, "amount": 1.0, "timestamp": "2021-05-02T21:18:09.155Z", "payment_type": "S"}}, {"model": "dl.payment", "pk": 39, "fields": {"payment_id": "ch_1ImmjcJ9OrFClkte1z5uuebw", "user": 1, "amount": 4.0, "timestamp": "2021-05-02T21:21:53.328Z", "payment_type": "S"}}, {"model": "dl.payment", "pk": 40, "fields": {"payment_id": "ch_1ImmupJ9OrFClktet8UKeaAs", "user": 1, "amount": 1.0, "timestamp": "2021-05-02T21:33:28.698Z", "payment_type": "S"}}, {"model": "dl.payment", "pk": 41, "fields": {"payment_id": "ch_1ImmyfJ9OrFClktecySAP8oM", "user": 1, "amount": 1.0, "timestamp": "2021-05-02T21:37:26.096Z", "payment_type": "S"}}, {"model": "dl.payment", "pk": 42, "fields": {"payment_id": "ch_1Imn0AJ9OrFClkte5qlao2Up", "user": 1, "amount": 3.0, "timestamp": "2021-05-02T21:38:59.432Z", "payment_type": "S"}}, {"model": "dl.payment", "pk": 43, "fields": {"payment_id": "ch_1Imn22J9OrFClkteHB4aGUIc", "user": 1, "amount": 1.0, "timestamp": "2021-05-02T21:40:55.117Z", "payment_type": "S"}}, {"model": "dl.payment", "pk": 44, "fields": {"payment_id": "ch_1Imn2lJ9OrFClktesDAEPOtG", "user": 1, "amount": 1.0, "timestamp": "2021-05-02T21:41:39.683Z", "payment_type": "S"}}, {"model": "dl.payment", "pk": 45, "fields": {"payment_id": "ch_1Imn4fJ9OrFClktelT9gI7Gp", "user": 1, "amount": 1.0, "timestamp": "2021-05-02T21:43:38.079Z", "payment_type": "S"}}, {"model": "dl.payment", "pk": 46, "fields": {"payment_id": "ch_1Imn65J9OrFClkteYJwI9XnO", "user": 1, "amount": 1.0, "timestamp": "2021-05-02T21:45:06.482Z", "payment_type": "S"}}, {"model": "dl.payment", "pk": 47, "fields": {"payment_id": "ch_1Imn8XJ9OrFClkteTdsRYwwB", "user": 1, "amount": 1.0, "timestamp": "2021-05-02T21:47:38.024Z", "payment_type": "S"}}, {"model": "dl.payment", "pk": 48, "fields": {"payment_id": "ch_1ImnHrJ9OrFClkte9DwIsGdX", "user": 1, "amount": 1.0, "timestamp": "2021-05-02T21:57:16.390Z", "payment_type": "S"}}, {"model": "dl.payment", "pk": 49, "fields": {"payment_id": "82S67345EA289083J", "user": 1, "amount": 1.0, "timestamp": "2021-05-02T21:59:32.048Z", "payment_type": "P"}}, {"model": "dl.payment", "pk": 50, "fields": {"payment_id": "ch_1ImnSXJ9OrFClkteJBtQR5IS", "user": 1, "amount": 4.0, "timestamp": "2021-05-02T22:08:17.826Z", "payment_type": "S"}}, {"model": "dl.payment", "pk": 51, "fields": {"payment_id": "ch_1Imo8fJ9OrFClkteyIyg60x6", "user": 3, "amount": 1.0, "timestamp": "2021-05-02T22:51:49.912Z", "payment_type": "S"}}, {"model": "dl.payment", "pk": 52, "fields": {"payment_id": "ch_1In4qQJ9OrFClktemCEwjfcB", "user": 1, "amount": 1.0, "timestamp": "2021-05-03T16:42:06.918Z", "payment_type": "S"}}, {"model": "dl.payment", "pk": 53, "fields": {"payment_id": "ch_1In51kJ9OrFClktesecgcOba", "user": 1, "amount": 1.0, "timestamp": "2021-05-03T16:53:49.380Z", "payment_type": "S"}}, {"model": "dl.payment", "pk": 54, "fields": {"payment_id": "ch_1InR3hJ9OrFClkte71KhWZoa", "user": 1, "amount": 2.5, "timestamp": "2021-05-04T16:25:18.285Z", "payment_type": "S"}}, {"model": "dl.payment", "pk": 55, "fields": {"payment_id": "72051222WV8663426", "user": 1, "amount": 1.0, "timestamp": "2021-05-04T16:27:18.747Z", "payment_type": "P"}}, {"model": "dl.payment", "pk": 56, "fields": {"payment_id": "ch_1InRDjJ9OrFClkteOfBDWyOw", "user": 1, "amount": 2.33, "timestamp": "2021-05-04T16:35:40.487Z", "payment_type": "S"}}, {"model": "dl.payment", "pk": 57, "fields": {"payment_id": "ch_1Inw1HJ9OrFClkte6Sx0zueC", "user": 1, "amount": 3.0, "timestamp": "2021-05-06T01:28:52.624Z", "payment_type": "S"}}, {"model": "dl.payment", "pk": 58, "fields": {"payment_id": "ch_1InxYSJ9OrFClkteA0cBoP4z", "user": 1, "amount": 6.0, "timestamp": "2021-05-06T03:07:13.411Z", "payment_type": "S"}}, {"model": "dl.payment", "pk": 59, "fields": {"payment_id": "ch_1InxcNJ9OrFClktevHcyL9rN", "user": 1, "amount": 1.0, "timestamp": "2021-05-06T03:11:16.254Z", "payment_type": "S"}}, {"model": "ipn.paypalipn", "pk": 1, "fields": {"business": "mary@maryferguson.com", "charset": "windows-1252", "custom": "", "notify_version": "3.90", "parent_txn_id": "", "receiver_email": "mary@maryferguson.com", "receiver_id": "JSLX8RFQY6WSY", "residence_country": "CA", "test_ipn": false, "txn_id": "82S67345EA289083J", "txn_type": "web_accept", "verify_sign": "A1md5xgQcc-IePSXZXW.yT9zwNwnAO-jXYZszcWRaD5BMHzbk2Ljo5tq", "address_country": "", "address_city": "", "address_country_code": "", "address_name": "", "address_state": "", "address_status": "", "address_street": "", "address_zip": "", "contact_phone": "", "first_name": "Bryne", "last_name": "Carruthers", "payer_business_name": "", "payer_email": "bryne@carruthers.com", "payer_id": "WUKS4GYYB9946", "auth_amount": "0.00", "auth_exp": "", "auth_id": "", "auth_status": "", "exchange_rate": "0E-16", "invoice": "50", "item_name": "Digi Louvre item order", "item_number": "", "mc_currency": "CAD", "mc_fee": "0.33", "mc_gross": "1.00", "mc_handling": "0.00", "mc_shipping": "0.00", "memo": "", "num_cart_items": 0, "option_name1": "", "option_name2": "", "option_selection1": "", "option_selection2": "", "payer_status": "verified", "payment_date": "2021-05-02T21:59:21Z", "payment_gross": null, "payment_status": "Completed", "payment_type": "instant", "pending_reason": "", "protection_eligibility": "Eligible", "quantity": 1, "reason_code": "", "remaining_settle": "0.00", "settle_amount": "0.00", "settle_currency": "", "shipping": "0.00", "shipping_method": "Default", "tax": "0.00", "transaction_entity": "", "auction_buyer_id": "", "auction_closing_date": null, "auction_multi_item": 0, "for_auction": "0.00", "amount": "0.00", "amount_per_cycle": "0.00", "initial_payment_amount": "0.00", "next_payment_date": null, "outstanding_balance": "0.00", "payment_cycle": "", "period_type": "", "product_name": "", "product_type": "", "profile_status": "", "recurring_payment_id": "", "rp_invoice_id": "", "time_created": null, "amount1": "0.00", "amount2": "0.00", "amount3": "0.00", "mc_amount1": "0.00", "mc_amount2": "0.00", "mc_amount3": "0.00", "password": "", "period1": "", "period2": "", "period3": "", "reattempt": "", "recur_times": 0, "recurring": "", "retry_at": null, "subscr_date": null, "subscr_effective": null, "subscr_id": "", "username": "", "mp_id": null, "case_creation_date": null, "case_id": "", "case_type": "", "receipt_id": "", "currency_code": "USD", "handling_amount": "0.00", "transaction_subject": "", "ipaddress": "10.0.0.93", "flag": false, "flag_code": "", "flag_info": "", "query": "mc_gross=1.00&invoice=50&protection_eligibility=Eligible&payer_id=WUKS4GYYB9946&payment_date=14%3A59%3A21+May+02%2C+2021+PDT&payment_status=Completed&charset=windows-1252&first_name=Bryne&mc_fee=0.33&notify_version=3.9&custom=&payer_status=verified&business=mary%40maryferguson.com&quantity=1&verify_sign=A1md5xgQcc-IePSXZXW.yT9zwNwnAO-jXYZszcWRaD5BMHzbk2Ljo5tq&payer_email=bryne%40carruthers.com&txn_id=82S67345EA289083J&payment_type=instant&last_name=Carruthers&receiver_email=mary%40maryferguson.com&payment_fee=&shipping_discount=0.00&receiver_id=JSLX8RFQY6WSY&insurance_amount=0.00&txn_type=web_accept&item_name=Digi+Louvre+item+order&discount=0.00&mc_currency=CAD&item_number=&residence_country=CA&shipping_method=Default&transaction_subject=&payment_gross=&ipn_track_id=b7fb8e11c846e", "response": "VERIFIED", "created_at": "2021-05-02T21:59:31.162Z", "updated_at": "2021-05-02T21:59:31.969Z", "from_view": null}}, {"model": "ipn.paypalipn", "pk": 2, "fields": {"business": "mary@maryferguson.com", "charset": "windows-1252", "custom": "", "notify_version": "3.90", "parent_txn_id": "", "receiver_email": "mary@maryferguson.com", "receiver_id": "JSLX8RFQY6WSY", "residence_country": "CA", "test_ipn": false, "txn_id": "82S67345EA289083J", "txn_type": "web_accept", "verify_sign": "A1md5xgQcc-IePSXZXW.yT9zwNwnAO-jXYZszcWRaD5BMHzbk2Ljo5tq", "address_country": "", "address_city": "", "address_country_code": "", "address_name": "", "address_state": "", "address_status": "", "address_street": "", "address_zip": "", "contact_phone": "", "first_name": "Bryne", "last_name": "Carruthers", "payer_business_name": "", "payer_email": "bryne@carruthers.com", "payer_id": "WUKS4GYYB9946", "auth_amount": "0.00", "auth_exp": "", "auth_id": "", "auth_status": "", "exchange_rate": "0E-16", "invoice": "50", "item_name": "Digi Louvre item order", "item_number": "", "mc_currency": "CAD", "mc_fee": "0.33", "mc_gross": "1.00", "mc_handling": "0.00", "mc_shipping": "0.00", "memo": "", "num_cart_items": 0, "option_name1": "", "option_name2": "", "option_selection1": "", "option_selection2": "", "payer_status": "verified", "payment_date": "2021-05-02T21:59:21Z", "payment_gross": null, "payment_status": "Completed", "payment_type": "instant", "pending_reason": "", "protection_eligibility": "Eligible", "quantity": 1, "reason_code": "", "remaining_settle": "0.00", "settle_amount": "0.00", "settle_currency": "", "shipping": "0.00", "shipping_method": "Default", "tax": "0.00", "transaction_entity": "", "auction_buyer_id": "", "auction_closing_date": null, "auction_multi_item": 0, "for_auction": "0.00", "amount": "0.00", "amount_per_cycle": "0.00", "initial_payment_amount": "0.00", "next_payment_date": null, "outstanding_balance": "0.00", "payment_cycle": "", "period_type": "", "product_name": "", "product_type": "", "profile_status": "", "recurring_payment_id": "", "rp_invoice_id": "", "time_created": null, "amount1": "0.00", "amount2": "0.00", "amount3": "0.00", "mc_amount1": "0.00", "mc_amount2": "0.00", "mc_amount3": "0.00", "password": "", "period1": "", "period2": "", "period3": "", "reattempt": "", "recur_times": 0, "recurring": "", "retry_at": null, "subscr_date": null, "subscr_effective": null, "subscr_id": "", "username": "", "mp_id": null, "case_creation_date": null, "case_id": "", "case_type": "", "receipt_id": "", "currency_code": "USD", "handling_amount": "0.00", "transaction_subject": "", "ipaddress": "10.0.0.93", "flag": true, "flag_code": "", "flag_info": "Duplicate txn_id. (82S67345EA289083J)", "query": "mc_gross=1.00&invoice=50&protection_eligibility=Eligible&payer_id=WUKS4GYYB9946&payment_date=14%3A59%3A21+May+02%2C+2021+PDT&payment_status=Completed&charset=windows-1252&first_name=Bryne&mc_fee=0.33&notify_version=3.9&custom=&payer_status=verified&business=mary%40maryferguson.com&quantity=1&verify_sign=A1md5xgQcc-IePSXZXW.yT9zwNwnAO-jXYZszcWRaD5BMHzbk2Ljo5tq&payer_email=bryne%40carruthers.com&txn_id=82S67345EA289083J&payment_type=instant&last_name=Carruthers&receiver_email=mary%40maryferguson.com&payment_fee=&shipping_discount=0.00&receiver_id=JSLX8RFQY6WSY&insurance_amount=0.00&txn_type=web_accept&item_name=Digi+Louvre+item+order&discount=0.00&mc_currency=CAD&item_number=&residence_country=CA&shipping_method=Default&transaction_subject=&payment_gross=&ipn_track_id=b7fb8e11c846e", "response": "VERIFIED", "created_at": "2021-05-02T21:59:50.472Z", "updated_at": "2021-05-02T21:59:50.508Z", "from_view": null}}, {"model": "ipn.paypalipn", "pk": 3, "fields": {"business": "mary@maryferguson.com", "charset": "windows-1252", "custom": "", "notify_version": "3.90", "parent_txn_id": "", "receiver_email": "mary@maryferguson.com", "receiver_id": "JSLX8RFQY6WSY", "residence_country": "CA", "test_ipn": false, "txn_id": "92S99039UW417551X", "txn_type": "web_accept", "verify_sign": "AUsT.uEPxHAvrOY07Egei3uxxN1NA25cLFKzc4HOChxNHluJXl6ycP6c", "address_country": "", "address_city": "", "address_country_code": "", "address_name": "", "address_state": "", "address_status": "", "address_street": "", "address_zip": "", "contact_phone": "", "first_name": "Bryne", "last_name": "Carruthers", "payer_business_name": "", "payer_email": "bryne@carruthers.com", "payer_id": "WUKS4GYYB9946", "auth_amount": "0.00", "auth_exp": "", "auth_id": "", "auth_status": "", "exchange_rate": "0E-16", "invoice": "53", "item_name": "Digi Louvre item order", "item_number": "", "mc_currency": "CAD", "mc_fee": "0.33", "mc_gross": "1.00", "mc_handling": "0.00", "mc_shipping": "0.00", "memo": "", "num_cart_items": 0, "option_name1": "", "option_name2": "", "option_selection1": "", "option_selection2": "", "payer_status": "verified", "payment_date": "2021-05-03T15:48:52Z", "payment_gross": null, "payment_status": "Completed", "payment_type": "instant", "pending_reason": "", "protection_eligibility": "Eligible", "quantity": 1, "reason_code": "", "remaining_settle": "0.00", "settle_amount": "0.00", "settle_currency": "", "shipping": "0.00", "shipping_method": "Default", "tax": "0.00", "transaction_entity": "", "auction_buyer_id": "", "auction_closing_date": null, "auction_multi_item": 0, "for_auction": "0.00", "amount": "0.00", "amount_per_cycle": "0.00", "initial_payment_amount": "0.00", "next_payment_date": null, "outstanding_balance": "0.00", "payment_cycle": "", "period_type": "", "product_name": "", "product_type": "", "profile_status": "", "recurring_payment_id": "", "rp_invoice_id": "", "time_created": null, "amount1": "0.00", "amount2": "0.00", "amount3": "0.00", "mc_amount1": "0.00", "mc_amount2": "0.00", "mc_amount3": "0.00", "password": "", "period1": "", "period2": "", "period3": "", "reattempt": "", "recur_times": 0, "recurring": "", "retry_at": null, "subscr_date": null, "subscr_effective": null, "subscr_id": "", "username": "", "mp_id": null, "case_creation_date": null, "case_id": "", "case_type": "", "receipt_id": "", "currency_code": "USD", "handling_amount": "0.00", "transaction_subject": "", "ipaddress": "10.0.0.93", "flag": false, "flag_code": "", "flag_info": "", "query": "mc_gross=1.00&invoice=53&protection_eligibility=Eligible&payer_id=WUKS4GYYB9946&payment_date=08%3A48%3A52+May+03%2C+2021+PDT&payment_status=Completed&charset=windows-1252&first_name=Bryne&mc_fee=0.33&notify_version=3.9&custom=&payer_status=verified&business=mary%40maryferguson.com&quantity=1&verify_sign=AUsT.uEPxHAvrOY07Egei3uxxN1NA25cLFKzc4HOChxNHluJXl6ycP6c&payer_email=bryne%40carruthers.com&txn_id=92S99039UW417551X&payment_type=instant&last_name=Carruthers&receiver_email=mary%40maryferguson.com&payment_fee=&shipping_discount=0.00&receiver_id=JSLX8RFQY6WSY&insurance_amount=0.00&txn_type=web_accept&item_name=Digi+Louvre+item+order&discount=0.00&mc_currency=CAD&item_number=&residence_country=CA&shipping_method=Default&transaction_subject=&payment_gross=&ipn_track_id=5db1f3cb7e7f3", "response": "VERIFIED", "created_at": "2021-05-03T15:49:00.825Z", "updated_at": "2021-05-03T15:49:00.863Z", "from_view": null}}, {"model": "ipn.paypalipn", "pk": 4, "fields": {"business": "mary@maryferguson.com", "charset": "windows-1252", "custom": "", "notify_version": "3.90", "parent_txn_id": "", "receiver_email": "mary@maryferguson.com", "receiver_id": "JSLX8RFQY6WSY", "residence_country": "CA", "test_ipn": false, "txn_id": "92S99039UW417551X", "txn_type": "web_accept", "verify_sign": "AUsT.uEPxHAvrOY07Egei3uxxN1NA25cLFKzc4HOChxNHluJXl6ycP6c", "address_country": "", "address_city": "", "address_country_code": "", "address_name": "", "address_state": "", "address_status": "", "address_street": "", "address_zip": "", "contact_phone": "", "first_name": "Bryne", "last_name": "Carruthers", "payer_business_name": "", "payer_email": "bryne@carruthers.com", "payer_id": "WUKS4GYYB9946", "auth_amount": "0.00", "auth_exp": "", "auth_id": "", "auth_status": "", "exchange_rate": "0E-16", "invoice": "53", "item_name": "Digi Louvre item order", "item_number": "", "mc_currency": "CAD", "mc_fee": "0.33", "mc_gross": "1.00", "mc_handling": "0.00", "mc_shipping": "0.00", "memo": "", "num_cart_items": 0, "option_name1": "", "option_name2": "", "option_selection1": "", "option_selection2": "", "payer_status": "verified", "payment_date": "2021-05-03T15:48:52Z", "payment_gross": null, "payment_status": "Completed", "payment_type": "instant", "pending_reason": "", "protection_eligibility": "Eligible", "quantity": 1, "reason_code": "", "remaining_settle": "0.00", "settle_amount": "0.00", "settle_currency": "", "shipping": "0.00", "shipping_method": "Default", "tax": "0.00", "transaction_entity": "", "auction_buyer_id": "", "auction_closing_date": null, "auction_multi_item": 0, "for_auction": "0.00", "amount": "0.00", "amount_per_cycle": "0.00", "initial_payment_amount": "0.00", "next_payment_date": null, "outstanding_balance": "0.00", "payment_cycle": "", "period_type": "", "product_name": "", "product_type": "", "profile_status": "", "recurring_payment_id": "", "rp_invoice_id": "", "time_created": null, "amount1": "0.00", "amount2": "0.00", "amount3": "0.00", "mc_amount1": "0.00", "mc_amount2": "0.00", "mc_amount3": "0.00", "password": "", "period1": "", "period2": "", "period3": "", "reattempt": "", "recur_times": 0, "recurring": "", "retry_at": null, "subscr_date": null, "subscr_effective": null, "subscr_id": "", "username": "", "mp_id": null, "case_creation_date": null, "case_id": "", "case_type": "", "receipt_id": "", "currency_code": "USD", "handling_amount": "0.00", "transaction_subject": "", "ipaddress": "10.0.0.93", "flag": true, "flag_code": "", "flag_info": "Duplicate txn_id. (92S99039UW417551X)", "query": "mc_gross=1.00&invoice=53&protection_eligibility=Eligible&payer_id=WUKS4GYYB9946&payment_date=08%3A48%3A52+May+03%2C+2021+PDT&payment_status=Completed&charset=windows-1252&first_name=Bryne&mc_fee=0.33&notify_version=3.9&custom=&payer_status=verified&business=mary%40maryferguson.com&quantity=1&verify_sign=AUsT.uEPxHAvrOY07Egei3uxxN1NA25cLFKzc4HOChxNHluJXl6ycP6c&payer_email=bryne%40carruthers.com&txn_id=92S99039UW417551X&payment_type=instant&last_name=Carruthers&receiver_email=mary%40maryferguson.com&payment_fee=&shipping_discount=0.00&receiver_id=JSLX8RFQY6WSY&insurance_amount=0.00&txn_type=web_accept&item_name=Digi+Louvre+item+order&discount=0.00&mc_currency=CAD&item_number=&residence_country=CA&shipping_method=Default&transaction_subject=&payment_gross=&ipn_track_id=5db1f3cb7e7f3", "response": "VERIFIED", "created_at": "2021-05-03T15:57:14.538Z", "updated_at": "2021-05-03T15:57:14.585Z", "from_view": null}}, {"model": "ipn.paypalipn", "pk": 5, "fields": {"business": "mary@maryferguson.com", "charset": "windows-1252", "custom": "", "notify_version": "3.90", "parent_txn_id": "", "receiver_email": "mary@maryferguson.com", "receiver_id": "JSLX8RFQY6WSY", "residence_country": "CA", "test_ipn": false, "txn_id": "72051222WV8663426", "txn_type": "web_accept", "verify_sign": "AE2le8oym0IaPq2WU.F0RXyRghDaAzXwVsqdz2NdUbkrGwRNh8ysyShD", "address_country": "", "address_city": "", "address_country_code": "", "address_name": "", "address_state": "", "address_status": "", "address_street": "", "address_zip": "", "contact_phone": "", "first_name": "Bryne", "last_name": "Carruthers", "payer_business_name": "", "payer_email": "bryne@carruthers.com", "payer_id": "WUKS4GYYB9946", "auth_amount": "0.00", "auth_exp": "", "auth_id": "", "auth_status": "", "exchange_rate": "0E-16", "invoice": "56", "item_name": "Digi Louvre item order", "item_number": "", "mc_currency": "CAD", "mc_fee": "0.33", "mc_gross": "1.00", "mc_handling": "0.00", "mc_shipping": "0.00", "memo": "", "num_cart_items": 0, "option_name1": "", "option_name2": "", "option_selection1": "", "option_selection2": "", "payer_status": "verified", "payment_date": "2021-05-04T16:27:09Z", "payment_gross": null, "payment_status": "Completed", "payment_type": "instant", "pending_reason": "", "protection_eligibility": "Eligible", "quantity": 1, "reason_code": "", "remaining_settle": "0.00", "settle_amount": "0.00", "settle_currency": "", "shipping": "0.00", "shipping_method": "Default", "tax": "0.00", "transaction_entity": "", "auction_buyer_id": "", "auction_closing_date": null, "auction_multi_item": 0, "for_auction": "0.00", "amount": "0.00", "amount_per_cycle": "0.00", "initial_payment_amount": "0.00", "next_payment_date": null, "outstanding_balance": "0.00", "payment_cycle": "", "period_type": "", "product_name": "", "product_type": "", "profile_status": "", "recurring_payment_id": "", "rp_invoice_id": "", "time_created": null, "amount1": "0.00", "amount2": "0.00", "amount3": "0.00", "mc_amount1": "0.00", "mc_amount2": "0.00", "mc_amount3": "0.00", "password": "", "period1": "", "period2": "", "period3": "", "reattempt": "", "recur_times": 0, "recurring": "", "retry_at": null, "subscr_date": null, "subscr_effective": null, "subscr_id": "", "username": "", "mp_id": null, "case_creation_date": null, "case_id": "", "case_type": "", "receipt_id": "", "currency_code": "USD", "handling_amount": "0.00", "transaction_subject": "", "ipaddress": "10.0.0.93", "flag": false, "flag_code": "", "flag_info": "", "query": "mc_gross=1.00&invoice=56&protection_eligibility=Eligible&payer_id=WUKS4GYYB9946&payment_date=09%3A27%3A09+May+04%2C+2021+PDT&payment_status=Completed&charset=windows-1252&first_name=Bryne&mc_fee=0.33&notify_version=3.9&custom=&payer_status=verified&business=mary%40maryferguson.com&quantity=1&verify_sign=AE2le8oym0IaPq2WU.F0RXyRghDaAzXwVsqdz2NdUbkrGwRNh8ysyShD&payer_email=bryne%40carruthers.com&txn_id=72051222WV8663426&payment_type=instant&last_name=Carruthers&receiver_email=mary%40maryferguson.com&payment_fee=&shipping_discount=0.00&receiver_id=JSLX8RFQY6WSY&insurance_amount=0.00&txn_type=web_accept&item_name=Digi+Louvre+item+order&discount=0.00&mc_currency=CAD&item_number=&residence_country=CA&shipping_method=Default&transaction_subject=&payment_gross=&ipn_track_id=ccf114b02f6e5", "response": "VERIFIED", "created_at": "2021-05-04T16:27:18.607Z", "updated_at": "2021-05-04T16:27:18.658Z", "from_view": null}}]